manual	doc_id	title
2883407	2883407-t004-om	Air Compressor Air Pressure Rises Slowly
2883407	2883407-t005-om	Air Compressor Cycles Frequently
2883407	2883407-t006-om	Air Compressor Noise is Excessive
2883407	2883407-t007-om	Air Compressor Pumping Excess Lubricating Oil into the Air System
2883407	2883407-t008-om	Air Compressor Will Not Maintain Adequate Air Pressure (Not Pumping Continuously)
2883407	2883407-t010-om	Air Compressor Will Not Stop Pumping
2883407	2883407-t013-om	Alternator Not Charging or Insufficient Charging
2883407	2883407-t014-om	Alternator Overcharging
2883407	2883407-t018-om	Coolant Contamination
2883407	2883407-t019-om	Coolant Loss
2883407	2883407-t020-om	Coolant Loss - External
2883407	2883407-t022-156-om	Coolant Temperature Above Normal Sea Water Cooling System
2883407	2883407-t022-om	Coolant Temperature Above Normal - Gradual Overheat
2883407	2883407-t023-om	Coolant Temperature is Above Normal - Sudden Overheat
2883407	2883407-t024-om	Coolant Temperature is Below Normal
2883407	2883407-t033-om	Engine Acceleration or Response Poor
2883407	2883407-t043-om	Engine Difficult to Start or Will Not Start (Exhaust Smoke)
2883407	2883407-t044-om	Engine Difficult to Start or Will Not Start (No Exhaust Smoke)
2883407	2883407-t047-om	Engine Noise Excessive
2883407	2883407-t048-om	Engine Noise Excessive - Combustion Knocks
2883407	2883407-t057-om	Engine Power Output Low
2883407	2883407-t061-om	Engine Runs Rough at Idle
2883407	2883407-t062-om	Engine Runs Rough or Misfires
2883407	2883407-t064-om	Engine Shuts Off Unexpectedly Or Dies During Deceleration
2883407	2883407-t066-om	Engine Speed Surges at Low or High Idle
2883407	2883407-t067-om	Engine Speed Surges Under Load or in Operating Range
2883407	2883407-t072-om	Engine Starts But Will Not Keep Running
2883407	2883407-t075-om	Engine Vibration Excessive
2883407	2883407-t076-om	Engine Will Not Crank or Cranks Slowly
2883407	2883407-t077-om	Engine Will Not Crank or Cranks Slowly (Air Starter)
2883407	2883407-t078-om	Engine Will Not Crank or Cranks Slowly (Electric Starter)
2883407	2883407-t080-om	Engine Will Not Reach Rated Speed (RPM)
2883407	2883407-t081-006-om	Exhaust Smoke Excessive Under Load
2883407	2883407-t081-om	Engine Will Not Shut Off
2883407	2883407-t083-om	Fault Code Warning Lamps Stay On (No Apparent Reason)
2883407	2883407-t084-om	Fault Code Warning Lamps Do Not Illuminate
2883407	2883407-t087-om	Fuel Consumption Excessive
2883407	2883407-t091-5-om	Fuel in Coolant
2883407	2883407-t091-om	Fuel in Coolant
2883407	2883407-t092-om	Fuel in the Lubricating Oil
2883407	2883407-t093-om	Fuel or Lubricating Oil Leaking from Exhaust Manifold
2883407	2883407-t096-om	Intake Manifold Air Temperature Above Specification
2883407	2883407-t097-om	Intake Manifold Pressure (Boost) is Below Normal
2883407	2883407-t102-om	Lubricating Oil Consumption Excessive
2883407	2883407-t103-75-om	Lubricating Oil Loss
2883407	2883407-t103-om	Lubricating Oil Contaminated
2883407	2883407-t104-om	Lubricating Oil Pressure High
2883407	2883407-t105-om	Lubricating Oil Pressure Low
2883407	2883407-t106-om	Lubricating Oil Sludge in the Crankcase Excessive
2883407	2883407-t116-om	Smoke, Black - Excessive
2883407	2883407-t118-om	Smoke, White - Excessive
2883407	2883407-t122-om	Turbocharger Leaks Engine Oil or Fuel
2883407	3381307	All EnginesWorldwideGenerator Drive
2883583	2883583-t052-om	Engine Noise Excessive - Turbocharger
2883583	2883583-t185-om	Turbocharger - Compressor Seal Oil Leak
2883583	2883583-t186-om	Turbocharger - Turbine Seal Oil Leak
3381968	3381848	US Marine (division of Brunswick Corp.) Worldwide Propulsion Products
3381968	3381863	Recreational Applications Marine Propulsion Products
3381968	3381968-t013-om	Alternator Not Charging or Insufficient Charging
3381968	3381968-t014-om	Alternator Overcharging
3381968	3381968-t020-om	Coolant Loss - External
3381968	3381968-t022-156-om	Coolant Temperature Above Normal - Sea Water Cooling System
3381968	3381968-t022-om	Coolant Temperature Above Normal - Gradual Overheat
3381968	3381968-t023-om	Coolant Temperature is Above Normal - Sudden Overheat
3381968	3381968-t024-om	Coolant Temperature is Below Normal
3381968	3381968-t033-om	Engine Acceleration or Response Poor
3381968	3381968-t043-om	Engine Difficult to Start or Will Not Start (Exhaust Smoke)
3381968	3381968-t044-om	Engine Difficult to Start or Will Not Start (No Exhaust Smoke)
3381968	3381968-t047-om	Engine Noise Excessive
3381968	3381968-t048-om	Engine Noise Excessive - Combustion Knocks
3381968	3381968-t052-om	Engine Noise Excessive - Turbocharger
3381968	3381968-t057-om	Engine Power Output Low
3381968	3381968-t061-om	Engine Runs Rough at Idle
3381968	3381968-t062-om	Engine Runs Rough or Misfires
3381968	3381968-t064-om	Engine Shuts Off Unexpectedly or Dies During Deceleration
3381968	3381968-t066-om	Engine Speed Surges at Low or High Idle
3381968	3381968-t067-om	Engine Speed Surges Under Load or in Operating Range
3381968	3381968-t072-om	Engine Starts But Will Not Keep Running
3381968	3381968-t075-om	Engine Vibration Excessive
3381968	3381968-t078-om	Engine Will Not Crank or Cranks Slowly (Electric Starter)
3381968	3381968-t080-om	Engine Will Not Reach Rated Speed (RPM)
3381968	3381968-t083-om	Fault Code Warning Lamps Stay On (No Apparent Reason)
3381968	3381968-t084-om	Fault Code Warning Lamps Do Not Illuminate
3381968	3381968-t087-om	Fuel Consumption Excessive
3381968	3381968-t092-om	Fuel in the Lubricating Oil
3381968	3381968-t096-om	Intake Manifold Air Temperature Above Specification
3381968	3381968-t097-om	Intake Manifold Pressure (Boost) is Below Normal
3381968	3381968-t102-om	Lubricating Oil Consumption Excessive
3381968	3381968-t103-om	Lubricating Oil Contaminated
3381968	3381968-t104-om	Lubricating Oil Pressure High
3381968	3381968-t105-om	Lubricating Oil Pressure Low
3381968	3381968-t106-om	Lubricating Oil Sludge in the Crankcase Excessive
3381968	3381968-t116-om	Smoke, Black - Excessive
3381968	3381968-t118-om	Smoke, White - Excessive
3381968	3381968-t122-om	Turbocharger Leaks Engine Oil or Fuel
3381968	3381968-t185-om	Turbocharger - Compressor Seal Oil Leak
3381968	3381968-t186-om	Turbocharger - Turbine Seal Oil Leak
3666003	3666003-t004-tr	Air Compressor Air Pressure Rises Slowly
3666003	3666003-t005-tr	Air Compressor Cycles Frequently
3666003	3666003-t006-tr	Air Compressor Noise is Excessive
3666003	3666003-t007-tr	Air Compressor Pumping Excess Lubricating Oil into the Air System
3666003	3666003-t008-tr	Air Compressor Will Not Maintain Adequate Air Pressure (Not Pumping Continuously)
3666003	3666003-t009-tr	Air Compressor Will Not Pump Air
3666003	3666003-t010-tr	Air Compressor Will Not Stop Pumping
3666003	3666003-t013-tr	Alternator Not Charging or Insufficient Charging
3666003	3666003-t014-tr	Alternator Overcharging
3666003	3666003-t018-tr	Coolant Contamination
3666003	3666003-t019-tr	Coolant Loss
3666003	3666003-t022-tr	Coolant Temperature Above Normal - Gradual Overheat
3666003	3666003-t023-tr	Coolant Temperature is Above Normal - Sudden Overheat
3666003	3666003-t024-tr	Coolant Temperature is Below Normal
3666003	3666003-t025-tr	Coolant in the Lubricating Oil
3666003	3666003-t026-156-tr	Coolant Temperature Above Normal - Sea Water Coolant System
3666003	3666003-t027-tr	Crankcase Gases (Blowby) Excessive
3666003	3666003-t027-tr	Crankcase Gases (Blowby) Excessive
3666003	3666003-t033-tr	Engine Acceleration or Response Poor
3666003	3666003-t043-tr	Engine Difficult to Start or Will Not Start (Exhaust Smoke)
3666003	3666003-t044-tr	Engine Difficult to Start or Will Not Start (No Exhaust Smoke)
3666003	3666003-t047-tr	Engine Noise Excessive
3666003	3666003-t048-tr	Engine Noise Excessive - Combustion Knocks
3666003	3666003-t049-tr	Engine Noise Excessive - Connecting Rod
3666003	3666003-t050-tr	Engine Noise Excessive - Main Bearing
3666003	3666003-t051-tr	Engine Noise Excessive - Piston
3666003	3666003-t052-tr	Engine Noise Excessive - Turbocharger
3666003	3666003-t057-tr	Engine Power Output Low
3666003	3666003-t061-tr	Engine Runs Rough at Idle
3666003	3666003-t062-tr	Engine Runs Rough or Misfires
3666003	3666003-t066-tr	Engine Speed Surges at Low or High Idle
3666003	3666003-t072-tr	Engine Starts But Will Not Keep Running
3666003	3666003-t075-tr	Engine Vibration Excessive
3666003	3666003-t076-tr	Engine Will Not Crank or Cranks Slowly
3666003	3666003-t080-tr	Engine Will Not Reach Rated Speed (RPM)
3666003	3666003-t081-001-tr	Excessive Noise
3666003	3666003-t081-tr	Engine Will Not Shut Off
3666003	3666003-t087-tr	Fuel Consumption Excessive
3666003	3666003-t091-5-tr	Fuel Knock
3666003	3666003-t092-tr	Fuel in Lubricating Oil
3666003	3666003-t093-tr	Fuel or Lubricating Oil Leaking From Exhaust Manifold
3666003	3666003-t096-tr	Intake Manifold Air Temperature Above Specification
3666003	3666003-t097-25-tr	Intake Manifold Air Heater System Malfunctioning
3666003	3666003-t102-tr	Lubricating Oil Consumption Excessive
3666003	3666003-t104	Lubricating Oil Pressure High
3666003	3666003-t104-tr	Lubricating Oil Pressure High
3666003	3666003-t105-tr	Lubricating Oil Pressure Low
3666003	3666003-t106-tr	Lubricating Oil Sludge in the Crankcase Excessive
3666003	3666003-t107-tr	Lubricating Oil Temperature Above Specification
3666003	3666003-t108-tr	Lubricating or Transmission Oil in the Coolant
3666003	3666003-t116-tr	Smoke, Black-Excessive
3666003	3666003-t118-tr	Smoke, White-Excessive
3666003	tr-frwd	Foreword
3666013	3381307	All Diesel Engines Worldwide Generator Drive
3666013	3381310	K19 Engines Australia and New Zealand Automotive
3666013	3381321	All Engines United States and Canada Industrial (Off-Highway)
3666013	3381322	All Engines International Industrial (Off-Highway)
3666013	3381775	All Engines Worldwide Marine/Commercial Propulsion and Auxiliary Products
3666013	3666013-t024-om	Coolant Temperature is Below Normal
3666013	3666013-t026-155-om	Coolant Temperature Above Normal (Marine)
3666013	3666013-t026-om	Coolant Temperature Above Normal
3666013	3666013-t043-om	Engine Hard to Start or Will Not Start (Exhaust Smoke)
3666013	3666013-t044-om	Engine Difficult to Start or Will Not Start (No Exhaust Smoke)
3666013	3666013-t057-om	Engine Power Output Low
3666013	3666013-t061-011-om	Engine Runs Rough at Idle, Warm Engine
3666013	3666013-t072-om	Engine Starts But Will Not Keep Runnings
3666013	3666013-t077-om	Engine Will Not Crank or Cranks Slowly (Air Starter)
3666013	3666013-t078-om	Engine Will Not Crank
3666013	3666013-t080-om	Engine Will Not Reach Rated Speed (RPM)
3666013	3666013-t081-006-om	Exhaust Smoke Excessive Under Load
3666013	3666013-t081-om	Engine Will Not Shut Off
3666013	3666013-t105-om	Lubricating Oil Pressure Low
3666070	3666070-t016-tr	Communication Error - Electronic Service Tool or Control Device
3666070	3666070-t033-tr	Engine Acceleration or Response Poor
3666070	3666070-t041-tr	Engine Deceleratres Slowly
3666070	3666070-t043-tr	Engine Difficult to Start or Will Not Start (Exhaust Smoke)
3666070	3666070-t044-tr	Engine Difficult to Start or Will Not Start (No Exhaust Smoke)
3666070	3666070-t057-tr	Engine Power Output Low
3666070	3666070-t058-tr	Engine Power Output Low - Performance Measurement
3666070	3666070-t061-tr	Engine Runs Rough at Idle
3666070	3666070-t062-tr	Engine Runs Rough or Misfires
3666070	3666070-t064-tr	Engine Shuts Off Unexpectedly or Dies During Deceleration
3666070	3666070-t067-tr	Engine Speed Surges Under Load or in Operating Range
3666070	3666070-t071-tr	Engine Starts But Will Not Accelerate
3666070	3666070-t072-tr	Engine Starts But Will Not Keep Running
3666070	3666070-t081-tr	Engine Will Not Shut Off
3666070	3666070-t083-tr	Fault Code Warning Lamps Stay On (No Apparent Reason)
3666070	3666070-t084-tr	Fault Code Warning Lamps Do Not Illuminate
3666070	3666070-t085-tr	Fault Code Warning Lamps Will Not Illuminate With the Diagnostic Switch in the “ON” Position
3666070	3666070-t087-tr	Fuel Consumption Excessive
3666070	3666070-t087-tr	Fuel Consumption Excessive
3666070	3666070-t088-tr	Fuel Consumption Excessive- Performance Evaluation
3666070	3666070-t088-tr	Fuel Consumption Excessive- Performance Evaluation
3666070	3666070-t116-tr	Smoke, Black- Excessive
3666070	3666070-t116-tr	Smoke, Black- Excessive
3666070	3666070-t118-tr	Smoke, White- Excessive
3666070	3666070-t118-tr	Smoke, White- Excessive
3666070	3666070-t120-155-tr	Switched Feature Malfunctioning
3666070	tr-frwd	Foreword
3666087	3666087-t004-tr	Air Compressor Air Pressure Rises Slowly
3666087	3666087-t005-tr	Air Compressor Cycles Frequently
3666087	3666087-t006-tr	Air Compressor Noise is Excessive
3666087	3666087-t007-tr	Air Compressor Pumping Excess Lubricating Oil into the Air System
3666087	3666087-t008-tr	Air Compressor Will Not Maintain Adequate Air Pressure (Not Pumping Continuously)
3666087	3666087-t009-tr	Air Compressor Will Not Pump Air
3666087	3666087-t010-tr	Air Compressor Will Not Stop Pumping
3666087	3666087-t013-tr	Alternator Not Charging or Insufficient Charging
3666087	3666087-t014-tr	Alternator Overcharging
3666087	3666087-t018-tr	Coolant Contamination
3666087	3666087-t019-tr	Coolant Loss
3666087	3666087-t022-tr	Coolant Temperature Above Normal - Gradual Overheat
3666087	3666087-t023-tr	Coolant Temperature Above Normal - Sudden Overheat
3666087	3666087-t024-tr	Coolant Temperature Below Normal
3666087	3666087-t025-tr	Coolant in the Lubricating Oil
3666087	3666087-t027-tr	Crankcase Gases (Blowby) Excessive
3666087	3666087-t033-tr	Engine Acceleration or Response Poor
3666087	3666087-t043-tr	Engine Difficult to Start or Will Not Start (Exhaust Smoke)
3666087	3666087-t044-tr	Engine Difficult to Start or Will Not Start (No Exhaust Smoke)
3666087	3666087-t047-tr	Engine Noise Excessive
3666087	3666087-t048-tr	Engine Noise Excessive - Combustion Knocks
3666087	3666087-t049-tr	Engine Noise Excessive - Connecting Rod
3666087	3666087-t050-tr	Engine Noise Excessive - Main Bearing
3666087	3666087-t051-tr	Engine Noise Excessive - Piston
3666087	3666087-t052-tr	Engine Noise Excessive - Turbocharger
3666087	3666087-t057-tr	Engine Power Output Low
3666087	3666087-t061-tr	Engine Runs Rough at Idle
3666087	3666087-t062-tr	Engine Runs Rough or Misfires
3666087	3666087-t066-tr	Engine Speed Surges at Low or High Idle
3666087	3666087-t072-tr	Engine Starts But Will Not Keep Running
3666087	3666087-t074-005-tr	Engine Will Not Crank - (Electric Starter)
3666087	3666087-t074-010-tr	Engine Cranks Slowly - (Electric Starter)
3666087	3666087-t075-tr	Engine Vibration Excessive
3666087	3666087-t080-005-tr	Engine Will Not Reach High Idle
3666087	3666087-t081-001-tr	Excessive Noise
3666087	3666087-t081-tr	Engine Will Not Shut Off
3666087	3666087-t087-tr	Fuel Consumption Excessive
3666087	3666087-t091-5-tr	Fuel Knock
3666087	3666087-t092-tr	Fuel in the Lubricating Oil
3666087	3666087-t093-tr	Fuel or Lubricating Oil Leaking From Exhaust Manifold
3666087	3666087-t097-25-tr	Intake Manifold Air Heater System Malfunctioning
3666087	3666087-t102-tr	Lubricating Oil Consumption Excessive
3666087	3666087-t103-tr	Lubricating Oil Contaminated
3666087	3666087-t104	Lubricating Oil Pressure High
3666087	3666087-t104-tr	Lubricating Oil Pressure High
3666087	3666087-t105-tr	Lubricating Oil Pressure Low
3666087	3666087-t106-tr	Lubricating Oil Sludge in the Crankcase Excessive
3666087	3666087-t107-tr	Lubricating Oil Temperature Above Specification
3666087	3666087-t108-tr	Lubricating or Transmission Oil in the Coolant
3666087	3666087-t116-tr	Smoke, Black - Excessive
3666087	3666087-t118-tr	Smoke, White - Excessive
3666087	3666087-t118-tr	White, Smoke - Excessive
3666087	shopds-frwd	Foreword
3666113	3666113-t016-tr	Communication Error - Electronic Service Tool or Control Device
3666113	3666113-t021-tr	Coolant Loss - Internal
3666113	3666113-t025-tr	Coolant in the Lubricating Oil
3666113	3666113-t033-tr	Engine Acceleration or Response Poor
3666113	3666113-t041-tr	Engine Decelerates Slowly
3666113	3666113-t043-tr	Engine Difficult to Start or Will Not Start (Exhaust Smoke)
3666113	3666113-t044-tr	Engine Difficult to Start or Will Not Start (No Exhaust Smoke)
3666113	3666113-t044-tr	Engine Difficult to Start or Will Not Start (No Exhaust Smoke)
3666113	3666113-t057-tr	Engine Power Output Low
3666113	3666113-t062-tr	Engine Runs Rough or Misfires
3666113	3666113-t062-tr	Engine Runs Rough or Misfires
3666113	3666113-t064-tr	Engine Shuts Off Unexpectedly or Dies During Deceleration
3666113	3666113-t066-tr	Engine Speed Surges at Low or High Idle
3666113	3666113-t066-tr	Engine Speed Surges at Low or High Idle
3666113	3666113-t067-tr	Engine Speed Surges Under Load or in Operating Range
3666113	3666113-t072-tr	Engine Starts But Will Not Keep Running
3666113	3666113-t080-tr	Engine Will Not Reach Rated Speed (RPM)
3666113	3666113-t081-tr	Engine Will Not Shut Off
3666113	3666113-t083-tr	Fault Code Warning Lamps Stay On (No Apparent Reason)
3666113	3666113-t084-tr	Fault Code Warning Lamps Do Not Illuminate
3666113	3666113-t087-tr	Fuel Consumption Excessive
3666113	3666113-t102-25-tr	Lubricating Oil Consumption From Oil Make-Up Tank Excessive
3666113	3666113-t102-5-tr	Engine Lubricating Oil Consumption From Oil Make-Up Tank Inadequate
3666113	3666113-t103-25-tr	Engine Lubricating Oil Level Above Specifications While Using Correct Amount of Make-Up Oil
3666113	3666113-t103-5-tr	Lubricating Oil Level Below Specifications While Using Correct Amount of Make-Up Oil
3666113	3666113-t104-tr	Lubricating Oil Pressure High
3666113	3666113-t105-tr	Lubricating Oil Pressure Low
3666113	3666113-t116-tr	Smoke, Black - Excessive
3666113	3666113-t118-tr	Smoke, White - Excessive
3666113	tr-frwd	Foreword
3666120	3381307	All Diesel Engines Worldwide Generator Drive
3666120	3381307	All Diesel Engines Worldwide Generator Drive
3666120	3381310	K19 Engines Australia and New Zealand Automotive
3666120	3381321	All Engines U.S. and Canada Industrial (Off-Highway)
3666120	3381321	All Engines United States and Canada Industrial (Off-Highway)
3666120	3381322	All Engines International Industrial (Off-Highway)
3666120	3381322	All Engines International Industrial (Off-Highway)
3666120	3381775	All Engines Worldwide Marine/Commercial Propulsion and Auxiliary Products
3666120	3381775	All Engines Worldwide Marine/Commercial Propulsion and Auxiliary Products
3666120	3381863	All Engines Worldwide Marine Recreational Propulsion Products
3666120	3666013-t024-om	Coolant Temperature is Below Normal
3666120	3666013-t026-155-om	Coolant Temperature Above Normal (Marine)
3666120	3666013-t026-om	Coolant Temperature Above Normal
3666120	3666013-t043-om	Engine Hard to Start or Will Not Start (Exhaust Smoke)
3666120	3666013-t044-om	Engine Difficult to Start or Will Not Start (No Exhaust Smoke)
3666120	3666013-t057-om	Engine Power Output Low
3666120	3666013-t061-011-om	Engine Runs Rough at Idle, Warm Engine
3666120	3666013-t072-om	Engine Starts But Will Not Keep Runnings
3666120	3666013-t077-om	Engine Will Not Crank or Cranks Slowly (Air Starter)
3666120	3666013-t078-om	Engine Will Not Crank
3666120	3666013-t080-om	Engine Will Not Reach Rated Speed (RPM)
3666120	3666013-t081-006-om	Exhaust Smoke Excessive Under Load
3666120	3666013-t081-om	Engine Will Not Shut Off
3666120	3666013-t105-om	Lubricating Oil Pressure Low
3666120	3666120-t023-om	Coolant Temperature is Above Normal - Sudden Overheat
3666120	3666120-t024-om	Coolant Temperature is Below Normal
3666120	3666120-t026-155-om	Coolant Temperature Above Normal (Marine)
3666120	3666120-t043-om	Engine Difficult to Start or Will Not Start (Exhaust Smoke)
3666120	3666120-t044-om	Engine Difficult to Start or Will Not Start (No Exhaust Smoke)
3666120	3666120-t057-om	Engine Power Output Low
3666120	3666120-t061-011-om	Engine Runs Rough at Idle, Warm Engine
3666120	3666120-t072-om	Engine Starts But Will Not Keep Running
3666120	3666120-t077-om	Engine Will Not Crank or Cranks Slowly (Air Starter)
3666120	3666120-t078-om	Engine Will Not Crank or Cranks Slowly (Electric Starter)
3666120	3666120-t080-om	Engine Will Not Reach Rated Speed (RPM)
3666120	3666120-t081-006-om	Exhaust Smoke Excessive Under Load
3666120	3666120-t081-om	Engine Will Not Shut Off
3666120	3666120-t092-5-om	Fuel Leak - External
3666120	3666120-t105-om	Lubricating Oil Pressure Low
3666121	3666121-t004-tr	Air Compressor Air Pressure Rises Slowly
3666121	3666121-t005-tr	Air Compressor Cycles Frequently
3666121	3666121-t006-tr	Air Compressor Noise is Excessive
3666121	3666121-t007-tr	Air Compressor Pumping Excess Lubricating Oil into the Air System
3666121	3666121-t008-tr	Air Compressor Will Not Maintain Adequate Air Pressure (Not Pumping Continuously)
3666121	3666121-t009-tr	Air Compressor Will Not Pump Air
3666121	3666121-t010-tr	Air Compressor Will Not Stop Pumping
3666121	mrm-frwd	Foreword
3666134	3381307	All Engines Worldwide Generator Drive
3666134	3381307	Worldwide Generator Drive
3666134	3381321	All Engines United States and Canada Industrial (Off-Highway)
3666134	3381321	Off-Highway Engines United States and Canada
3666134	3381322	All Engines International Industrial (Off-Highway)
3666134	3381322	Off-Highway Engines International
3666134	3381775	All Engines Worldwide Commercial Marine Propulsion Auxiliary Products
3666134	3666134-t022-om	Coolant Temperature Above Normal - Gradual Overheat
3666134	3666134-t023-om	Coolant Temperature Above Normal - Sudden Overheat
3666134	3666134-t024-om	Coolant Temperature is Below Normal
3666134	3666134-t043-om	Engine Difficult to Start or Will Not Start (Exhaust Smoke)
3666134	3666134-t044-om	Engine Difficult to Start or Will Not Start (No Exhaust Smoke)
3666134	3666134-t057-om	Engine Power Output Low
3666134	3666134-t072-om	Engine Starts But Will Not Keep Running
3666134	3666134-t077-om	Engine Will Not Crank or Cranks Slowly (Air Starter)
3666134	3666134-t078-om	Engine Will Not Crank of Cranks Slowly (Electric Starter)
3666134	3666134-t080-om	Engine Will Not Reach Rated Speed (RPM)
3666134	3666134-t081-om	Engine Will Not Shut Off
3666134	3666134-t105-om	Lubricating Oil Pressure Low
3666134	3666134-t116-om	Smoke, Black - Excessive
3666134	3666134-t118-om	Smoke, White - Excessive
3666134	3666260-t024-om	Coolant Temperature Below Normal
3666134	3666260-t026-om	Coolant Temperature Above Normal
3666134	3666260-t043-om	Engine Difficult to Start or Will Not Start (Exhaust Smoke)
3666134	3666260-t044-om	Engine Difficult to Start or Will Not Start (No Exhaust Smoke)
3666134	3666260-t057-om	Engine Power Output Low
3666134	3666260-t061-011-om	Engine Runs Rough at Idle, Warm Engine
3666134	3666260-t072-om	Engine Starts But Will Not Keep Running
3666134	3666260-t077-om	Engine Will Not Crank or Cranks Slowly (Air Starter)
3666134	3666260-t080-om	Engine Will Not Reach Rated Speed (RPM)
3666134	3666260-t081-001-om	Excessive Noise
3666134	3666260-t081-011-om	Exhaust Black Smoke - Excessive Under Load
3666134	3666260-t081-om	Engine Will Not Shut Off
3666134	3666260-t105-om	Lubricating Oil Pressure Low
3666184	3666184-t016-tr	Communications Error — Electronic Service Tool or Control Device
3666184	3666184-t033-tr	Engine Acceleration or Response Slow
3666184	3666184-t041-tr	Engine Decelerates Slowly
3666184	3666184-t043-tr	Engine Difficult to Start or Will Not Start (Exhaust Smoke)
3666184	3666184-t044-tr	Engine Difficult to Start or Will Not Start (No Exhaust Smoke)
3666184	3666184-t057-tr	Engine Power Output Low
3666184	3666184-t062-tr	Engine Runs Rough or Misfires
3666184	3666184-t064-tr	Engine Shuts Off Unexpectedly or Dies During Deceleration
3666184	3666184-t066-tr	Engine Speed Surges at Low or High Idle
3666184	3666184-t080-tr	Engine Will Not Reach Rated Speed (RPM)
3666184	3666184-t087-tr	Fuel Consumption Excessive
3666184	3666184-t091-tr	Fuel in Coolant
3666184	3666184-t092-5-tr	Fuel Leak - External
3666184	3666184-t092-tr	Fuel in Lubricating Oil
3666184	3666184-t116-tr	Smoke, Black-Excessive
3666184	3666184-t118-tr	Smoke, White-Excessive
3666184	tr-frwd	foreword
3666214	3666214-t016-tr	Communication Error - Electronic Service Tool or Control Device
3666214	3666214-t016-tr	Communication Error - Electronic Service Tool or Control Device
3666214	3666214-t033-tr	Engine Acceleration or Response Poor
3666214	3666214-t041-tr	Engine Decelerates Slowly
3666214	3666214-t043-tr	Engine Difficult to Start or Will Not Start (Exhaust Smoke)
3666214	3666214-t044-tr	Engine Difficult to Start or Will Not Start (No Exhaust Smoke)
3666214	3666214-t057-tr	Engine Power Output Low
3666214	3666214-t059-tr	Engine Runs on One Bank Only
3666214	3666214-t061-tr	Engine Runs Rough at Idle
3666214	3666214-t062-tr	Engine Runs Rough or Misfires
3666214	3666214-t064-tr	Engine Shuts Off Unexpectedly or Dies During Deceleration
3666214	3666214-t066-tr	Engine Speed Surges at Low or High Idle
3666214	3666214-t067-tr	Engine Speed Surges Under Load or in Operating Range
3666214	3666214-t072-tr	Engine Starts But Will Not Keep Running
3666214	3666214-t080-tr	Engine Will Not Reach Rated Speed (RPM)
3666214	3666214-t081-tr	Engine Will Not Shut Off
3666214	3666214-t083-tr	Fault Code Warning Lamps Stay On (No Apparent Reason)
3666214	3666214-t084-tr	Fault Code Warning Lamps Do Not Illuminate
3666214	3666214-t087-tr	Fuel Consumption Excessive
3666214	3666214-t092-5-tr	Fuel Leak - External
3666214	3666214-t099-tr	Low Idle Adjust Switch Does Not Work
3666214	3666214-t116-tr	Smoke, Black-Excessive
3666214	3666214-t118-tr	Smoke, White-Excessive
3666214	tr-frwd	foreword
3666231	3666231-t081-003-tr	Excessive Use of Engine Lubricating Oil From the Pan With Burn-Only System (oil level in pan below normal)
3666231	3666231-t095-156-tr	Inadequate Use of Engine Lubricating Oil From Pan With Burn-Only System
3666231	3666231-t102-25-tr	Lubricating Oil Consumption From Oil Make-Up Tank Excessive
3666231	3666231-t102-5-tr	Engine Lubricating Oil Consumption From Oil Make-Up Tank Inadequate
3666231	3666231-t103-25-tr	Engine Lubricating Oil Level Above Specifications While Using Correct Amount of Make-Up Oil
3666231	3666231-t103-5-tr	Lubricating Oil Level Below Specifications While Using Correct Amount of Make-Up Oil
3666231	3666231-t108-5-tr	No Electrical Power to Centinel Control Module (not applicable for integrated system)
3666231	tr-frwd	Foreword
3666239	3666230-t103-56-tr	Lubricating Oil Filter Plugged
3666239	3666239-t004-tr	Air Compressor Air Pressure Rises Slowly
3666239	3666239-t004-tr	Air Compressor Air Pressure Rises Slowly
3666239	3666239-t005-tr	Air Compressor Cycles Frequently
3666239	3666239-t005-tr	Air Compressor Cycles Frequently
3666239	3666239-t006-tr	Air Compressor Noise is Excessive
3666239	3666239-t006-tr	Air Compressor Noise is Excessive
3666239	3666239-t006-tr	Air Compressor Noise is Excessive
3666239	3666239-t007-tr	Air Compressor Pumping Excess Lubricating Oil into the Air System
3666239	3666239-t008-tr	Air Compressor Will Not Maintain Adequate Air Pressure (Not Pumping Continuously)
3666239	3666239-t008-tr	Air Compressor Will Not Maintain Adequate Air Pressure (Not Pumping Continuously)
3666239	3666239-t009-tr	Air Compressor Will Not Pump Air
3666239	3666239-t009-tr	Air Compressor Will Not Pump Air
3666239	3666239-t010-tr	Air Compressor Will Not Stop Pumping
3666239	3666239-t010-tr	Air Compressor Will Not Stop Pumping
3666239	3666239-t021-tr	Coolant Loss - Internal
3666239	3666239-t021-tr	Coolant Loss - Internal
3666239	3666239-t021-tr	Coolant Loss - Internal
3666239	3666239-t025-tr	Coolant in the Lubricating Oil
3666239	3666239-t027-tr	Crankcase Gases (Blowby) Excessive
3666239	3666239-t027-tr	Crankcase Gases (Blowby) Excessive
3666239	3666239-t074-005	Engine Will Not Crank (Electric Starter)
3666239	3666239-t074-010	Engine Cranks Slowly (Electric Starter)
3666239	3666239-t078	Engine Will Not Crank or Cranks Slowly (Electric Starter)
3666239	3666239-t081-tr	Engine Will Not Shut Off
3666239	3666239-t087-tr	Fuel Consumption Excessive
3666239	3666239-t091-tr	Fuel in Coolant
3666239	3666239-t091-tr	Fuel in Coolant
3666239	3666239-t091-tr	Fuel in Coolant
3666239	3666239-t092	Fuel in the Lubricating Oil
3666239	3666239-t092-tr	Fuel in the Lubricating Oil
3666239	3666239-t092-tr	Fuel in the Lubricating Oil
3666239	3666239-t097-tr	Intake Manifold Pressure (Boost) is Below Normal
3666239	3666239-t102-tr	Lubricating Oil Consumption Excessive
3666239	3666239-t102-tr	Lubricating Oil Consumption Excessive
3666239	3666239-t102-tr	Lubricating Oil Consumption Excessive
3666239	3666239-t103-56-tr	Lubricating Oil Filter Plugged
3666239	3666239-t104	Lubricating Oil Pressure High
3666239	3666239-t105-tr	Lubricating Oil Pressure Low
3666239	3666239-t106-tr	Lubricating Oil Sludge in the Crankcase Excessive
3666239	3666239-t108-tr	Lubricating or Transmission Oil in the Coolant
3666239	3666239-t108-tr	Lubricating or Transmission Oil in the Coolant
3666239	3666239-t147-tr	Aftertreatment Diesel Particulate Filter - Excessive Automatic and/or Stationary Regeneration
3666239	3666239-t149-tr	Stationary Regeneration - Will Not Complete
3666239	3666239-t149-tr	Stationary Regeneration - Will Not Complete
3666239	3666239-t149-tr	Stationary Regeneration - Will Not Complete
3666239	3666239-t170-tr	Engine Noise Excessive - Drive Belt
3666251	3381080	L10/ M11/ISM/N14/ISX/SIG, Engines, International, Automotive
3666251	3381139	L10/ M11/ISM/N14/ISX/Sig, Engines, United States and Canada, Automotive
3666251	3381161	United States and Canada, Fire Apparatus/Crash Trucks
3666251	3381258	All Engines, Europe, Automotive
3666251	3381334	L10/M11/N14/ISM/ISX/Sig Engines, Latin America, Automotive
3666251	3381340	All Electronic Diesel Engines, United States and Canada, Recreational Vehicle
3666251	3381396	California Emission, Control System Warranty, Automotive
3666251	3605761	L10/M11/ISM/N14/ISX/SIG Engines, South Africa, Automotive
3666251	3666251-t004-om	Air Compressor Air Pressure Rises Slowly
3666251	3666251-t006-om	Air Compressor Noise is Excessive
3666251	3666251-t007-om	Air Compressor Pumping Excess Lubricating Oil into the Air System
3666251	3666251-t008-om	Air Compressor Will Not Maintain Adequate Air Pressure (Not Pumping Continuously)
3666251	3666251-t010-om	Air Compressor Will Not Stop Pumping
3666251	3666251-t013-om	Alternator Not Charging or Insufficient Charging
3666251	3666251-t020-om	Coolant Loss - External
3666251	3666251-t021-om	Coolant Loss - Internal
3666251	3666251-t022-om	Coolant Temperature Above Normal - Gradual Overheat
3666251	3666251-t023-om	Coolant Temperature is Above Normal - Sudden Overheat
3666251	3666251-t024-om	Coolant Temperature is Below Normal
3666251	3666251-t027-om	Crankcase Gases (Blowby) Excessive
3666251	3666251-t036-om	Engine Brake Does Not Operate
3666251	3666251-t037-om	Engine Brake - Low Retarding Power or Slow to Activate
3666251	3666251-t038-om	Engine Brake - One or More Cylinders Braking with Power Switch Off
3666251	3666251-t041-om	Engine Decelerates Slowly
3666251	3666251-t043-om	Engine Difficult to Start or Will Not Start (Exhaust Smoke)
3666251	3666251-t044-om	Engine Difficult to Start or Will Not Start (No Exhaust Smoke
3666251	3666251-t047-om	Engine Noise Excessive
3666251	3666251-t048-om	Engine Noise Excessive - Combustion Knocks
3666251	3666251-t057-om	Engine Power Output Low
3666251	3666251-t061-om	Engine Runs Rough at Idle
3666251	3666251-t062-om	Engine Runs Rough or Misfires
3666251	3666251-t064-om	Engine Shuts Off Unexpectedly or Dies During Deceleration
3666251	3666251-t066-om	Engine Speed Surges at Low or High Idle
3666251	3666251-t067-om	Engine Speed Surges Under Load or in Operating Range
3666251	3666251-t072-om	Engine Starts But Will Not Keep Running
3666251	3666251-t075-om	Engine Vibration Excessive
3666251	3666251-t081-om	Engine Will Not Shut Off
3666251	3666251-t087-om	Fuel Consumption Excessive
3666251	3666251-t091-om	Fuel in Coolant
3666251	3666251-t092-om	Fuel in the Lubricating Oil
3666251	3666251-t096-om	Intake Manifold Air Temperature Above Specification
3666251	3666251-t102-om	Lubricating Oil Consumption Excessive
3666251	3666251-t103-om	Lubricating Oil Contaminated
3666251	3666251-t104-om	Lubricating Oil Pressure High
3666251	3666251-t105-om	Lubricating Oil Pressure Low
3666251	3666251-t106-om	Lubricating Oil Sludge in the Crankcase Excessive
3666251	3666251-t107-om	Lubricating Oil Temperature Above Specification
3666251	3666251-t108-om	Lubricating or Transmission Oil in the Coolant
3666251	3666251-t109-om	Operating Fuel Pressure is Low
3666251	3666251-t116-om	Smoke, Black - Excessive
3666251	3666251-t118-om	Smoke, White - Excessive
3666251	3666251-t121-om	Turbocharger Boost Pressure Low
3666251	3666251-t122-om	Turbocharger Leaks Engine Oil or Fuel
3666251	auto-bck	California Emission Control, System Warranty, On-Highway
3666251	auto-frt	California Emission Control, System Warranty, On-Highway
3666251	auto-signature600-isx-wrty	Coverage
3666251	isx-w_egr	California Emission Control System Warranty
3666260	3381307	All Engines Worldwide Generator Drive
3666260	3381321	All Engines United States and Canada Industrial (Off-Highway)
3666260	3381322	All Engines International Industrial (Off-Highway)
3666260	3381775	All Engines Worldwide Commercial Marine Propulsion Auxiliary Products
3666260	3666260-t024-om	Coolant Temperature Below Normal
3666260	3666260-t026-om	Coolant Temperature Above Normal
3666260	3666260-t043-om	Engine Difficult to Start or Will Not Start (Exhaust Smoke)
3666260	3666260-t044-om	Engine Difficult to Start or Will Not Start (No Exhaust Smoke)
3666260	3666260-t057-om	Engine Power Output Low
3666260	3666260-t061-011-om	Engine Runs Rough at Idle, Warm Engine
3666260	3666260-t072-om	Engine Starts But Will Not Keep Running
3666260	3666260-t077-om	Engine Will Not Crank or Cranks Slowly (Air Starter)
3666260	3666260-t080-om	Engine Will Not Reach Rated Speed (RPM)
3666260	3666260-t081-001-om	Excessive Noise
3666260	3666260-t081-011-om	Exhaust Black Smoke - Excessive Under Load
3666260	3666260-t081-om	Engine Will Not Shut Off
3666260	3666260-t105-011-om	Exhaust Black Smoke - Excessive Under Load
3666260	3666260-t105-om	Lubricating Oil Pressure Low
3666266	3666266-t015-1-tr	Cab Thermostat Will Not Autostart Engine
3666266	3666266-t015-2-tr	Cab Thermostat Will Not Power Up
3666266	3666266-t015-tr	Cab Thermostat Displays A Fault Code
3666266	3666266-t016-tr	Communication Error - Electronic Service Tool or Control Device
3666266	3666266-t041-tr	Engine Decelerates Slowly
3666266	3666266-t046-tr	Engine Fan Does Not Operate, Operates Erratically, or Operates Continuously
3666266	3666266-t058-tr	Engine Power Output Low - Performance Measurement
3666266	3666266-t068-tr	Engine Speed Surges in PTO or Cruise Control
3666266	3666266-t081-tr	Engine Will Not Shutoff
3666266	3666266-t083-tr	Fault Code Warning Lamps Stay On (No Apparent Reason)
3666266	3666266-t084-tr	Fault Code Warning Lamps Do Not Illuminate
3666266	3666266-t087-tr	Fuel Consumption Excessive
3666266	3666266-t087-tr	Fuel Consumption Excessive
3666266	3666266-t091-tr	Fuel in Coolant
3666266	3666266-t092-tr	Fuel in Lubricating Oil
3666266	3666266-t095-105-tr	ICON™ Lamp Does Not Illuminate
3666266	3666266-t095-15-tr	ICON™ Alarm Does Not Sound Before An Engine Start
3666266	3666266-t095-tr	ICON™ Can Not Be Activated
3666266	3666266-t108-1-tr	Maintenance Lamp Stays On or Flashes
3666266	3666266-t112-tr	PTO or Cruise Control Does Not Operate
3666266	tr-frwd	Foreword
3666322	3666322-t004-tr	Air Compressor Air Pressure Rises Slowly
3666322	3666322-t004-tr	Air Compressor Air Pressure Rises Slowly
3666322	3666322-t005-tr	Air Compressor Cycles Frequently
3666322	3666322-t005-tr	Air Compressor Cycles Frequently
3666322	3666322-t006-tr	Air Compressor Noise is Excessive
3666322	3666322-t006-tr	Air Compressor Noise is Excessive
3666322	3666322-t006-tr	Air Compressor Noise is Excessive
3666322	3666322-t007-tr	Air Compressor Pumping Excess Lubricating Oil into the Air System
3666322	3666322-t008-tr	Air Compressor Will Not Maintain Adequate Air Pressure (Not Pumping Continuously)
3666322	3666322-t008-tr	Air Compressor Will Not Maintain Adequate Air Pressure (Not Pumping Continuously)
3666322	3666322-t009-tr	Air Compressor Will Not Pump Air
3666322	3666322-t009-tr	Air Compressor Will Not Pump Air
3666322	3666322-t010-tr	Air Compressor Will Not Stop Pumping
3666322	3666322-t010-tr	Air Compressor Will Not Stop Pumping
3666322	3666322-t011-tr	Aftertreatment Diesel Particulate Filter - Excessive Soot Loading
3666322	3666322-t012-tr	Aftertreatment Diesel Particulate Filter - Excessive Ash Cleaning
3666322	3666322-t013-tr	Alternator Not Charging or Insufficient Charging
3666322	3666322-t014-tr	Alternator Overcharging
3666322	3666322-t020-tr	Coolant Loss - External
3666322	3666322-t020-tr	Coolant Loss - External
3666322	3666322-t021-tr	Coolant Loss - Internal
3666322	3666322-t021-tr	Coolant Loss - Internal
3666322	3666322-t021-tr	Coolant Loss - Internal
3666322	3666322-t022-tr	Coolant Temperature Above Normal - Gradual Overheat
3666322	3666322-t023-tr	Coolant Temperature is Above Normal - Sudden Overheat
3666322	3666322-t024-tr	Coolant Temperature Below Normal
3666322	3666322-t025-tr	Coolant in the Lubricating Oil
3666322	3666322-t025-tr	Coolant in the Lubricating Oil
3666322	3666322-t027-tr	Crankcase Gases (Blowby) Excessive
3666322	3666322-t027-tr	Crankcase Gases (Blowby) Excessive
3666322	3666322-t028-tr	Crankcase Coalescing Filter - Frequent Replacement
3666322	3666322-t036-tr	Engine Brake Does Not Operate
3666322	3666322-t037-tr	Engine Brake - Low Retarding Power or Slow to Activate
3666322	3666322-t038-tr	Engine Brake - One or More Cylinders Braking with Power Switch Off
3666322	3666322-t041-tr	Engine Decelerates Slowly
3666322	3666322-t047-tr	Engine Noise Excessive
3666322	3666322-t048-tr	Engine Noise Excessive - Combustion Knocks
3666322	3666322-t049-tr	Engine Noise Excessive - Connecting Rod
3666322	3666322-t050-tr	Engine Noise Excessive - Main Bearing
3666322	3666322-t051-tr	Engine Noise Excessive - Piston
3666322	3666322-t052-tr	Engine Noise Excessive - Turbocharger
3666322	3666322-t068-tr	Engine Speed Surges in PTO or Cruise Control
3666322	3666322-t072-tr	Engine Starts But Will Not Keep Running
3666322	3666322-t074-005-tr	Engine Will Not Crank (Electric Starter)
3666322	3666322-t074-010-tr	Engine Cranks Slowly (Electric Starter)
3666322	3666322-t077-tr	Engine Will Not Crank or Cranks Slowly (Air Starter)
3666322	3666322-t078-tr	Engine Will Not Crank or Cranks Slowly (Electric Starter)
3666322	3666322-t078-tr	Engine Will Not Crank or Cranks Slowly (Electric Starter)
3666322	3666322-t081-tr	Engine Will Not Shut Off
3666322	3666322-t087-tr	Fuel Consumption Excessive
3666322	3666322-t087-tr	Fuel Consumption Excessive
3666322	3666322-t091-tr	Fuel in Coolant
3666322	3666322-t092-tr	Fuel in the Lubricating Oil
3666322	3666322-t096-tr	Intake Manifold Air Temperature Above Specification
3666322	3666322-t097-tr	Intake Manifold Pressure (Boost) is Below Normal
3666322	3666322-t099-tr	Low Idle Adjust Switch Does Not Work
3666322	3666322-t102-tr	Lubricating Oil Consumption Excessive
3666322	3666322-t103-2-tr	Lubricating Oil Degradation (Centinel)
3666322	3666322-t103-tr	Lubricating Oil Contaminated
3666322	3666322-t104-tr	Lubricating Oil Pressure High
3666322	3666322-t105-tr	Lubricating Oil Pressure Low
3666322	3666322-t105-tr	Lubricating Oil Pressure Low
3666322	3666322-t105-tr	Lubricating Oil Pressure Low
3666322	3666322-t106-tr	Lubricating Oil Sludge in the Crankcase Excessive
3666322	3666322-t107-tr	Lubricating Oil Temperature Above Specification
3666322	3666322-t108-10-tr	Oil Pan Level Incorrect - Low (Centinel)
3666322	3666322-t108-11-tr	Oil Pan Level Incorrect - High (Centinel)
3666322	3666322-t108-tr	Lubricating or Transmission Oil in the Coolant
3666322	3666322-t108-tr	Lubricating or Transmission Oil in the Coolant
3666322	3666322-t108-tr	Lubricating or Transmission Oil in the Coolant
3666322	3666322-t108-tr	Lubricating or Transmission Oil in the Coolant
3666322	3666322-t109-tr	Operating Fuel Pressure is Low
3666322	3666322-t122-tr	Turbocharger Leaks Engine Oil or Fuel
3666322	3666322-t146-tr	Stationary Regeneration - Will Not Activate
3666322	3666322-t147-tr	Aftertreatment Diesel Particulate Filter - Excessive Automatic and/or Stationary Regeneration
3666322	3666322-t148-tr	Valve Cover - Frequent Replacement
3666322	3666322-t149-tr	Stationary Regeneration - Will Not Complete
3666322	3666322-t149-tr	Stationary Regeneration - Will Not Complete
3666322	3666322-t149-tr	Stationary Regeneration - Will Not Complete
3666322	shopds-frwd	Foreword
3666410	3666410-t030-tr	Cylinder Power is Low (Multiple Cylinders)
3666410	3666410-t031-tr	Cylinder Power is Low (Single Cylinder)
3666410	3666410-t082-15-tr	Exhaust Temperature is High (Multiple Cylinders)
3666410	3666410-t082-25-tr	Exhaust Temperature is High (Single Cylinder)
3666410	3666410-t094-15-tr	Hot Shutdown
3666410	3666410-t096-15-tr	Intake Manifold Air Temperature is High
3666410	3666410-t096-20-tr	Intake Manifold Air Temperature is High (Rapid Rise)
3666410	3666410-t096-25-tr	Intake Air Temperature is High
3666410	3666410-t096-55-tr	Intake Manifold Pressure is High
3666410	3666410-t096-tr	Intake Manifold Air Temperature Above Specification
3666410	3666410-t103-55-tr	Lubricating Oil Filter Restriction is High
3666410	3666410-t113-tr	CENSE™ Electronic Control Module (ECM) Not Communicating - Fault Code Lamps Are Blinking
3666410	3666410-t114-tr	CENSE™ Electronic Control Module (ECM) Not Communicating - Fault Code Lamps Are Not Blinking (Lamps Are Off Or Always On)
3666410	tr-frwd	Foreword
3666415	3666415-t014-24-tr	Cab Temperature Does Not Reach Setpoint When ICON™ Is Set To Cab Comfort Mode
3666415	3666415-t014-25-tr	Cab Temperature Swings Too Much When ICON™ Cab Comfort Mode Is Activated
3666415	3666415-t015-1-tr	Cab Thermostat Will Not Autostart Engine
3666415	3666415-t015-2-tr	Cab Thermostat Will Not Power Up
3666415	3666415-t015-tr	Cab Thermostat Displays A Fault Code
3666415	3666415-t045-25-tr	Engine Idles Too High Or Too Low When ICON™ Is Active
3666415	3666415-t078-tr	Engine Will Not Crank or Cranks Slowly (Electric Starter)
3666415	3666415-t081-tr	Engine Will Not Shut Off
3666415	3666415-t095-105-tr	ICON™ Lamp Does Not Illuminate
3666415	3666415-t095-106-tr	ICON™ System Will Not Start the Engine
3666415	3666415-t095-125-tr	Ignition Bus Electrical Circuits Do Not Turn Off When Keyswitch Is Turned Off
3666415	3666415-t095-126-tr	ICON™ System Shuts Down At Inappropriate Times Or Reacts Incorrectly
3666415	3666415-t095-127-tr	ICON™ System Shuts Down The Engine After 5 Minutes When Vehicle Is Parked
3666415	3666415-t095-15-tr	ICON™ System Alarm Does Not Sound Before An Engine Start
3666415	3666415-t095-155-tr	Ignition Bus Electrical Circuits Do Not Turn On When Keyswitch is Turned On
3666415	3666415-t095-tr	ICON™ System Can Not Be Activated
3666415	mrm-frwd	Foreword
3666422	3381351	ICON™ Idle Control System Product
3666422	ft-frwd	Foreword
3666423	3381307	All Engines Worldwide Generator Drive
3666423	3381321	All Engines United States and Canada Industrial (Off-Highway)
3666423	3381322	All Engines International Industrial (Off-Highway)
3666423	3381775	All Engines Worldwide Marine/Commercial Propulsion and Auxiliary Products
3666423	3666423-t004-om	Air Compressor Air Pressure Rises Slowly
3666423	3666423-t006-om	Air Compressor Noise is Excessive
3666423	3666423-t007-om	Air Compressor Pumping Excess Lubricating Oil into the Air System
3666423	3666423-t008-om	Air Compressor Will Not Maintain Adequate Air Pressure (Not Pumping Continuously)
3666423	3666423-t010-om	Air Compressor Will Not Stop Pumping
3666423	3666423-t013-om	Alternator Not Charging or Insufficient Charging
3666423	3666423-t020-om	Coolant Loss - External
3666423	3666423-t021-om	Coolant Loss - Internal
3666423	3666423-t022-om	Coolant Temperature Above Normal - Gradual Overheat
3666423	3666423-t023-om	Coolant Temperature is Above Normal - Sudden Overheat
3666423	3666423-t024-om	Coolant Temperature is Below Normal
3666423	3666423-t027-om	Crankcase Gases (Blowby) Excessive
3666423	3666423-t036-om	Engine Brake Does Not Operate
3666423	3666423-t037-om	Engine Brake - Low Retarding Power or Slow to Activate
3666423	3666423-t038-om	Engine Brake - One or More Cylinders Braking with Power Switch Off
3666423	3666423-t041-om	Engine Decelerates Slowly
3666423	3666423-t043-om	Engine Difficult to Start or Will Not Start (Exhaust Smoke)
3666423	3666423-t044-om	Engine Difficult to Start or Will Not Start (No Exhaust Smoke)
3666423	3666423-t047-om	Engine Noise Excessive
3666423	3666423-t048-om	Engine Noise Excessive - Combustion Knocks
3666423	3666423-t057-om	Engine Power Output Low
3666423	3666423-t061-om	Engine Runs Rough at Idle, Warm Engine
3666423	3666423-t062-om	Engine Runs Rough or Misfires
3666423	3666423-t064-om	Engine Shuts Off Unexpectedly or Dies During Deceleration
3666423	3666423-t066-om	Engine Speed Surges at Low or High Idle
3666423	3666423-t067-om	Engine Speed Surges Under Load or in Operating Range
3666423	3666423-t072-om	Engine Starts But Will Not Keep Running
3666423	3666423-t075-om	Engine Vibration Excessive
3666423	3666423-t077-om	Engine Will Not Crank or Cranks Slowly
3666423	3666423-t081-om	Engine Will Not Shut Off
3666423	3666423-t087-om	Fuel Consumption Excessive
3666423	3666423-t091-om	Fuel in Coolant
3666423	3666423-t092-om	Fuel in the Lubricating Oil
3666423	3666423-t096-om	Intake Manifold Air Temperature Above Specification
3666423	3666423-t102-om	Lubricating Oil Consumption Excessive
3666423	3666423-t103-om	Lubricating Oil Contaminated
3666423	3666423-t104-om	Lubricating Oil Pressure High
3666423	3666423-t105-om	Lubricating Oil Pressure Low
3666423	3666423-t106-om	Lubricating Oil Sludge in the Crankcase Excessive
3666423	3666423-t107-om	Lubricating Oil Temperature Above Specification
3666423	3666423-t108-om	Lubricating or Transmission Oil in the Coolant
3666423	3666423-t109-om	Operating Fuel Pressure is Low
3666423	3666423-t116-om	Smoke, Black - Excessive
3666423	3666423-t118-om	Smoke, White - Excessive
3666423	3666423-t121-om	Turbocharger Boost Pressure Low
3666423	3666423-t122-om	Turbocharger Leaks Engine Oil or Fuel
3667180	3381307	All Diesel Engines Worldwide Generator Drive
3667180	3381321	All Engines United States and Canada Industrial (Off-Highway)
3667180	3381322	All Engines International Industrial (Off-Highway)
3667180	3381775	All Engines Worldwide Marine/Commercial Propulsion and Auxiliary Products
3810205	3381264	B/B Gas Plus/BLPG Plus/ISB Engines, United States and Canada, Automotive
3810205	3381278	All Engines Worldwide, All Bus (Except U.S./Canada Diesel Powered School Buses)
3810205	3381327	B5.9 & C8.3 Engines, United States and Canada, Recreational Vehicle
3810205	3381329	All Engines, United States and Canada, School Bus
3810205	3810205-t013-om	Alternator Not Charging or Insufficient Charging
3810205	3810205-t018-om	Coolant Contamination
3810205	3810205-t019-om	Coolant Loss
3810205	3810205-t024-om	Coolant Temperature Below Normal
3810205	3810205-t026-om	Coolant Temperature Above Normal
3810205	3810205-t043-om	Engine Difficult to Start or Will Not Start (Exhaust Smoke)
3810205	3810205-t044-om	Engine Difficult to Start or Will Not Start (No Exhaust Smoke)
3810205	3810205-t047-om	Engine Noise Excessive
3810205	3810205-t057-om	Engine Power Output Low
3810205	3810205-t061-011-om	Engine Runs Rough at Idle, Warm Engine
3810205	3810205-t062-om	Engine Runs Rough or Misfires
3810205	3810205-t066-om	Engine Speed Surges at Low or High Idle
3810205	3810205-t072-om	Engine Starts But Will Not Keep Running
3810205	3810205-t075-om	Engine Vibration Excessive
3810205	3810205-t076-om	Engine Will Not Crank or Cranks Slowly
3810205	3810205-t080-om	Engine Will Not Reach Rated Speed (RPM)
3810205	3810205-t081-006-om	Exhaust Smoke Excessive Under Load
3810205	3810205-t081-om	Engine Will Not Shut Off
3810205	3810205-t091-5-om	Fuel Knock
3810205	3810205-t093-om	Fuel or Lubricating Oil Leaking From Exhaust Manifold
3810205	3810205-t103-75-om	Lubricating Oil Loss
3810205	3810205-t103-om	Lubricating Oil Contaminated
3810205	3810205-t104-om	Lubricating Oil Pressure High
3810205	3810205-t105-om	Lubricating Oil Pressure Low
3810205	3810205-t118-om	Smoke, White - Excessive
3810205	auto-bck	Replacement Parts
3810205	auto-frt	California Emission Control System Warranty, On-Highway
3810497	3381307	All Diesel Engines Worldwide Generator Drive
3810497	3381307	All Diesel Engines Worldwide Generator Drive
3810497	3381310	K19 Engines Australia and New Zealand Automotive
3810497	3381321	All Engines United States and Canada Industrial (Off-Highway
3810497	3381321	All Engines United States and Canada Industrial (Off-Highway)
3810497	3381322	All Engines International Industrial (Off-Highway)
3810497	3381322	All Engines International Industrial (Off-Highway)
3810497	3381775	All Engines Worldwide Marine/Commercial Propulsion and Auxiliary Products
3810497	3381775	All Engines Worldwide Marine/Commercial Propulsion and Auxiliary Products
3810497	3666013-t024-om	Coolant Temperature is Below Normal
3810497	3666013-t026-155-om	Coolant Temperature Above Normal (Marine)
3810497	3666013-t026-om	Coolant Temperature Above Normal
3810497	3666013-t043-om	Engine Hard to Start or Will Not Start (Exhaust Smoke)
3810497	3666013-t044-om	Engine Difficult to Start or Will Not Start (No Exhaust Smoke)
3810497	3666013-t057-om	Engine Power Output Low
3810497	3666013-t061-011-om	Engine Runs Rough at Idle, Warm Engine
3810497	3666013-t072-om	Engine Starts But Will Not Keep Runnings
3810497	3666013-t077-om	Engine Will Not Crank or Cranks Slowly (Air Starter)
3810497	3666013-t078-om	Engine Will Not Crank
3810497	3666013-t080-om	Engine Will Not Reach Rated Speed (RPM)
3810497	3666013-t081-006-om	Exhaust Smoke Excessive Under Load
3810497	3666013-t081-om	Engine Will Not Shut Off
3810497	3666013-t105-om	Lubricating Oil Pressure Low
3810497	3810497-t022-om	Coolant Temperature Above Normal - Gradual Overheat
3810497	3810497-t023-om	Coolant Temperature Above Normal - Sudden Overheat
3810497	3810497-t024-om	Coolant Temperature Below Normal
3810497	3810497-t043-om	Engine Difficult to Start or Will Not Start (Exhaust Smoke)
3810497	3810497-t044-om	Engine Difficult to Start or Will Not Start (No Exhaust Smoke)
3810497	3810497-t057-om	Engine Power Output Low
3810497	3810497-t057-om	This troubleshooting symptom tree has been updated to include details of inspecting the filter screen in the fuel pump shutoff valve block.
3810497	3810497-t072-om	Engine Starts But Will Not Keep Running
3810497	3810497-t077-om	Engine Will Not Crank or Cranks Slowly (Air Starter)
3810497	3810497-t078-om	Engine Will Not Crank or Cranks Slowly (Electric Starter
3810497	3810497-t080-om	Engine Will Not Reach Rated Speed (RPM)
3810497	3810497-t081-om	Engine Will Not Shut Off
3810497	3810497-t105-om	Lubricating Oil Pressure Low
3810497	3810497-t116-om	Smoke, Black - Excessive
3810497	3810497-t118-om	Smoke, White - Excessive (PT)
4021330	3381292	A, B, and C Series Worldwide New Engine Parts
4021330	3381321	All Engines United States and Canada Industrial (Off-Highway)
4021330	3381322	All Engines, International Industrial (Off-Highway)
4021330	3381848	US Marine (division of Brunswick Corp) Worldwide Propulsion Products
4021330	4021330-t004-om	Air Compressor Air Pressure Rises Slowly
4021330	4021330-t005-om	Air Compressor Cycles Frequently
4021330	4021330-t006-om	Air Compressor Noise is Excessive
4021330	4021330-t007-om	Air Compressor Pumping Excess Lubricating Oil into the Air System
4021330	4021330-t008-om	Air Compressor Will Not Maintain Adequate Air Pressure (Not Pumping Continuously)
4021330	4021330-t010-om	Air Compressor Will Not Stop Pumping
4021330	4021330-t013-om	Alternator Not Charging or Insufficient Charging
4021330	4021330-t014-om	Alternator Overcharging
4021330	4021330-t018-om	Coolant Contamination
4021330	4021330-t020-om	Coolant Loss - External
4021330	4021330-t022-156-om	Coolant Temperature Above Normal Sea Water Cooling System
4021330	4021330-t022-om	Coolant Temperature Above Normal - Gradual Overheat
4021330	4021330-t023-om	Coolant Temperature is Above Normal - Sudden Overheat
4021330	4021330-t024-om	Coolant Temperature is Below Normal
4021330	4021330-t033-om	Engine Acceleration or Response Poor
4021330	4021330-t043-om	Engine Difficult to Start or Will Not Start (Exhaust Smoke)
4021330	4021330-t044-om	Engine Difficult to Start or Will Not Start (No Exhaust Smoke)
4021330	4021330-t047-om	Engine Noise Excessive
4021330	4021330-t048-om	Engine Noise Excessive - Combustion Knocks
4021330	4021330-t052-om	Engine Noise Excessive - Turbocharger
4021330	4021330-t057-om	Engine Power Output Low
4021330	4021330-t061-om	Engine Runs Rough at Idle
4021330	4021330-t062-om	Engine Runs Rough or Misfires
4021330	4021330-t064-om	Engine Shuts Off Unexpectedly Or Dies During Deceleration
4021330	4021330-t066-om	Engine Speed Surges at Low or High Idle
4021330	4021330-t067-om	Engine Speed Surges Under Load or in Operating Range
4021330	4021330-t072-om	Engine Starts But Will Not Keep Running
4021330	4021330-t075-om	Engine Vibration Excessive
4021330	4021330-t077-om	Engine Will Not Crank or Cranks Slowly (Air Starter)
4021330	4021330-t078-om	Engine Will Not Crank or Cranks Slowly (Electric Starter)
4021330	4021330-t080-om	Engine Will Not Reach Rated Speed (RPM)
4021330	4021330-t081-006-om	Exhaust Smoke Excessive Under Load
4021330	4021330-t081-om	Engine Will Not Shut Off
4021330	4021330-t083-om	Fault Code Warning Lamps Stay On (No Apparent Reason)
4021330	4021330-t084-om	Fault Code Warning Lamps Do Not Illuminate
4021330	4021330-t087-om	Fuel Consumption Excessive
4021330	4021330-t091-om	Fuel in Coolant
4021330	4021330-t092-om	Fuel in the Lubricating Oil
4021330	4021330-t093-om	Fuel or Lubricating Oil Leaking from Exhaust Manifold
4021330	4021330-t096-om	Intake Manifold Air Temperature Above Specification
4021330	4021330-t097-om	Intake Manifold Pressure (Boost) is Below Normal
4021330	4021330-t102-om	Lubricating Oil Consumption Excessive
4021330	4021330-t103-75-om	Lubricating Oil Loss
4021330	4021330-t103-om	Lubricating Oil Contaminated
4021330	4021330-t104-om	Lubricating Oil Pressure High
4021330	4021330-t105-om	Lubricating Oil Pressure Low
4021330	4021330-t106-om	Lubricating Oil Sludge in the Crankcase Excessive
4021330	4021330-t116-om	Smoke, Black - Excessive
4021330	4021330-t118-om	Smoke, White - Excessive
4021330	4021330-t122-om	Turbocharger Leaks Engine Oil or Fuel
4021330	4021330-t185-om	Turbocharger - Compressor Seal Oil Leak
4021330	4021330-t186-om	Turbocharger - Turbine Seal Oil Leak
4021330	4081862	Commercial Applications
4021374	3381307	All Engines Worldwide Generator Drive
4021374	3381307	All Engines, Worldwide, Generator Drive
4021374	3381321	All Engines United States and Canada Industrial (Off-Highway)
4021374	3381321	All Engines, United States and Canada, Industrial (Off-Highway)
4021374	3381322	All Engines International Industrial (Off-Highway)
4021374	3381322	All Engines, International, Industrial (Off-Highway)
4021374	3381775	All Engines Worldwide Commercial Marine Propulsion Auxiliary Products
4021374	3666260-t024-om	Coolant Temperature Below Normal
4021374	3666260-t026-om	Coolant Temperature Above Normal
4021374	3666260-t043-om	Engine Difficult to Start or Will Not Start (Exhaust Smoke)
4021374	3666260-t044-om	Engine Difficult to Start or Will Not Start (No Exhaust Smoke)
4021374	3666260-t057-om	Engine Power Output Low
4021374	3666260-t061-011-om	Engine Runs Rough at Idle, Warm Engine
4021374	3666260-t072-om	Engine Starts But Will Not Keep Running
4021374	3666260-t077-om	Engine Will Not Crank or Cranks Slowly (Air Starter)
4021374	3666260-t080-om	Engine Will Not Reach Rated Speed (RPM)
4021374	3666260-t081-001-om	Excessive Noise
4021374	3666260-t081-011-om	Exhaust Black Smoke - Excessive Under Load
4021374	3666260-t081-om	Engine Will Not Shut Off
4021374	3666260-t105-om	Lubricating Oil Pressure Low
4021374	4021374-t022-om	Coolant Temperature Above Normal - Gradual Overheat
4021374	4021374-t023-om	Coolant Temperature Above Normal - Sudden Overheat
4021374	4021374-t024-om	Coolant Temperature Below Normal
4021374	4021374-t043-om	Engine Difficult to Start or Will Not Start (Exhaust Smoke)
4021374	4021374-t044-om	Engine Difficult to Start or Will Not Start (No Exhaust Smoke)
4021374	4021374-t057-om	Engine Power Output Low
4021374	4021374-t061-om	Engine Runs Rough at Idle
4021374	4021374-t072-om	Engine Starts But Will Not Keep Running
4021374	4021374-t078-om	Engine Will Not Crank or Cranks Slowly (Electric Starter)
4021374	4021374-t080-om	Engine Will Not Reach Rated Speed (RPM)
4021374	4021374-t081-om	Engine Will Not Shut Off
4021374	4021374-t105-om	Lubricating Oil Pressure Low
4021375	3381307	All Diesel Engines Worldwide Generator Drive
4021375	3381310	K19 Engines Australia and New Zealand Automotive
4021375	3381321	All Engines United States and Canada Industrial (Off-Highway)
4021375	3381322	All Engines International Industrial (Off-Highway)
4021375	3381775	All Engines Worldwide Marine/Commercial Propulsion and Auxiliary Products
4021375	3666013-t024-om	Coolant Temperature is Below Normal
4021375	3666013-t026-155-om	Coolant Temperature Above Normal (Marine)
4021375	3666013-t026-om	Coolant Temperature Above Normal
4021375	3666013-t043-om	Engine Hard to Start or Will Not Start (Exhaust Smoke)
4021375	3666013-t044-om	Engine Difficult to Start or Will Not Start (No Exhaust Smoke)
4021375	3666013-t057-om	Engine Power Output Low
4021375	3666013-t061-011-om	Engine Runs Rough at Idle, Warm Engine
4021375	3666013-t072-om	Engine Starts But Will Not Keep Runnings
4021375	3666013-t077-om	Engine Will Not Crank or Cranks Slowly (Air Starter)
4021375	3666013-t078-om	Engine Will Not Crank
4021375	3666013-t080-om	Engine Will Not Reach Rated Speed (RPM)
4021375	3666013-t081-006-om	Exhaust Smoke Excessive Under Load
4021375	3666013-t081-om	Engine Will Not Shut Off
4021375	3666013-t105-om	Lubricating Oil Pressure Low
4021375	4021375-t004-tr	Air Compressor Air Pressure Rises Slowly
4021375	4021375-t006-tr	Air Compressor Noise is Excessive
4021375	4021375-t007-tr	Air Compressor Pumping Excess Lubricating Oil into the Air System
4021375	4021375-t008-tr	Air Compressor Will Not Maintain Adequate Air Pressure (Not Pumping Continuously)
4021375	4021375-t009-tr	Air Compressor Will Not Pump Air
4021375	4021375-t010-tr	Air Compressor Will Not Stop Pumping
4021375	4021375-t013-tr	Alternator Not Charging or Insufficient Charging
4021375	4021375-t014-tr	Alternator Overcharging
4021375	4021375-t020-tr	Coolant Loss - External
4021375	4021375-t021-tr	Coolant Loss - Internal
4021375	4021375-t021-tr	Coolant Loss - Internal
4021375	4021375-t022-tr	Coolant Temperature Above Normal - Gradual Overheat
4021375	4021375-t023-tr	Coolant Temperature Above Normal - Sudden Overheat
4021375	4021375-t024-tr	Coolant Temperature Below Normal
4021375	4021375-t027-tr	Crankcase Gases (Blowby) Excessive
4021375	4021375-t033-tr	Engine Acceleration or Response Poor
4021375	4021375-t041-tr	Engine Decelerates Slowly
4021375	4021375-t043-tr	Engine Difficult to Start or Will Not Start (Exhaust Smoke)
4021375	4021375-t044-tr	Engine Difficult to Start or Will Not Start (No Exhaust Smoke)
4021375	4021375-t047-tr	Engine Noise Excessive
4021375	4021375-t048-tr	Engine Noise Excessive - Combustion Knocks
4021375	4021375-t049-tr	Engine Noise Excessive - Connecting Rod
4021375	4021375-t050-tr	Engine Noise Excessive - Main Bearing
4021375	4021375-t051-tr	Engine Noise Excessive - Piston
4021375	4021375-t052-tr	Engine Noise Excessive - Turbocharger
4021375	4021375-t057-tr	Engine Power Output Low
4021375	4021375-t061-tr	Engine Runs Rough at Idle
4021375	4021375-t062-tr	Engine Runs Rough or Misfires
4021375	4021375-t064-tr	Engine Shuts Off Unexpectedly or Dies During Deceleration
4021375	4021375-t066-tr	Engine Speed Surges at Low or High Idle
4021375	4021375-t072-tr	Engine Starts But Will Not Keep Running
4021375	4021375-t077-tr	Engine Will Not Crank or Cranks Slowly (Air Starter)
4021375	4021375-t078-tr	Engine Will Not Crank or Cranks Slowly (Electric Starter)
4021375	4021375-t080-tr	Engine Will Not Reach Rated Speed (RPM)
4021375	4021375-t081-tr	Engine Will Not Shut Off
4021375	4021375-t087-tr	Fuel Consumption Excessive
4021375	4021375-t091-tr	Fuel in Coolant
4021375	4021375-t092-tr	Fuel in the Lubricating Oil
4021375	4021375-t096-tr	Intake Manifold Air Temperature Above Specification
4021375	4021375-t097-tr	Intake Manifold Pressure (Boost) is Below Normal
4021375	4021375-t102-tr	Lubricating Oil Consumption Excessive
4021375	4021375-t102-tr	Lubricating Oil Consumption Excessive
4021375	4021375-t102-tr	Lubricating Oil Consumption Excessive
4021375	4021375-t104-tr	Lubricating Oil Pressure High
4021375	4021375-t105-tr	Lubricating Oil Pressure Low
4021375	4021375-t106-tr	Lubricating Oil Sludge in the Crankcase Excessive
4021375	4021375-t107-tr	Lubricating Oil Temperature Above Specfication
4021375	4021375-t107-tr	Lubricating Oil Temperature Above Specification
4021375	4021375-t108-tr	Lubricating or Transmission Oil in the Coolant
4021375	4021375-t116-tr	Smoke, Black - Excessive
4021375	4021375-t118-tr	Smoke, White - Excessive
4021375	4021375-t122-tr	Turbocharger Leaks Engine Oil or Fuel
4021375	tr-frwd	foreword
4021389	3381321	All Engines, United States and Canada, Industrial (Off-Highway)
4021389	3381322	All Engines, International, Industrial (Off-Highway)
4021389	4021389-t004-om	Air Compressor Air Pressure Rises Slowly
4021389	4021389-t005-om	Air Compressor Cycles Frequently
4021389	4021389-t006-om	Air Compressor Noise is Excessive
4021389	4021389-t007-om	Air Compressor Pumping Excess Lubricating Oil into the Air System
4021389	4021389-t008-om	Air Compressor Will Not Maintain Adequate Air Pressure (Not Pumping Continuously)
4021389	4021389-t010-om	Air Compressor Will Not Stop Pumping
4021389	4021389-t013-om	Alternator Not Charging or Insufficient Charging
4021389	4021389-t014-om	Alternator Overcharging
4021389	4021389-t018-om	Coolant Contamination
4021389	4021389-t020-om	Coolant Loss - External
4021389	4021389-t022-om	Coolant Temperature Above Normal - Gradual Overheat
4021389	4021389-t023-om	Coolant Temperature Above Normal - Sudden Overheat
4021389	4021389-t024-om	Coolant Temperature Below Normal
4021389	4021389-t033-om	Engine Acceleration or Response Poor
4021389	4021389-t043-om	Engine Difficult to Start or Will Not Start (Exhaust Smoke)
4021389	4021389-t044-om	Engine Difficult to Start or Will Not Start (No Exhaust Smoke)
4021389	4021389-t047-om	Engine Noise Excessive
4021389	4021389-t048-om	Engine Noise Excessive - Combustion Knocks
4021389	4021389-t057-om	Engine Power Output Low
4021389	4021389-t061-om	Engine Runs Rough at Idle
4021389	4021389-t062-om	Engine Runs Rough or Misfires
4021389	4021389-t064-om	Engine Shuts Off Unexpectedly or Dies During Deceleration
4021389	4021389-t066-om	Engine Speed Surges at Low or High Idle
4021389	4021389-t067-om	Engine Speed Surges Under Load or in Operating Range
4021389	4021389-t072-om	Engine Starts But Will Not Keep Running
4021389	4021389-t075-om	Engine Vibration Excessive
4021389	4021389-t077-om	Engine Will Not Crank or Cranks Slowly (Air Starter)
4021389	4021389-t078-om	Engine Will Not Crank or Cranks Slowly (Electric Starter)
4021389	4021389-t080-om	Engine Will Not Reach Rated Speed (RPM)
4021389	4021389-t081-006-om	Exhaust Smoke Excessive Under Load
4021389	4021389-t081-om	Engine Will Not Shut Off
4021389	4021389-t087-om	Fuel Consumption Excessive
4021389	4021389-t091-om	Fuel in Coolant
4021389	4021389-t092-om	Fuel in the Lubricating Oil
4021389	4021389-t093-om	Fuel or Lubricating Oil Leaking From Exhaust Manifold
4021389	4021389-t096-om	Intake Manifold Air Temperature Above Specification
4021389	4021389-t097-om	Intake Manifold Pressure (Boost) is Below Normal
4021389	4021389-t102-om	Lubricating Oil Consumption Excessive
4021389	4021389-t103-75-om	Lubricating Oil Loss
4021389	4021389-t103-om	Lubricating Oil Contaminated
4021389	4021389-t104-om	Lubricating Oil Pressure High
4021389	4021389-t105-om	Lubricating Oil Pressure Low
4021389	4021389-t106-om	Lubricating Oil Sludge in the Crankcase Excessive
4021389	4021389-t116-om	Smoke, Black - Excessive
4021389	4021389-t118-om	Smoke, White - Excessive
4021389	4021389-t122-om	Turbocharger Leaks Engine Oil or Fuel
4021391	3381321	All Engines, United States and Canada, Industrial (Off-Highway)
4021391	3381322	All Engines, International, Industrial (Off-Highway)
4021419	4021419-t016-tr	Communication Error - Electronic Service Tool or Control Device
4021419	4021419-t021-tr	Coolant Loss - Internal
4021419	4021419-t025-tr	Coolant in the Lubricating Oil
4021419	4021419-t041-tr	Engine Decelerates Slowly
4021419	4021419-t043-tr	Engine Difficult to Start or Will Not Start (Exhaust Smoke)
4021419	4021419-t044-tr	Engine Difficult to Start or Will Not Start (No Exhaust Smoke)
4021419	4021419-t057-tr	Engine Power Output Low
4021419	4021419-t058-tr	Engine Power Output Low - Performance Measurement
4021419	4021419-t062-tr	Engine Runs Rough or Misfires
4021419	4021419-t064-tr	Engine Shuts Off Unexpectedly or Dies During Deceleration
4021419	4021419-t066-tr	Engine Speed Surges at Low or High Idle
4021419	4021419-t067-tr	Engine Speed Surges Under Load or in Operating Range
4021419	4021419-t072-tr	Engine Starts But Will Not Keep Running
4021419	4021419-t073-tr	Engine Transient Response Poor
4021419	4021419-t080-tr	Engine Will Not Reach Rated Speed (RPM)
4021419	4021419-t081-tr	Engine Will Not Shut Off
4021419	4021419-t083-tr	Fault Code Warning Lamps Stay On (No Apparent Reason)
4021419	4021419-t084-tr	Fault Code Warning Lamps Do Not Illuminate
4021419	4021419-t087-tr	Fuel Consumption Excessive
4021419	4021419-t091-tr	Fuel in Coolant
4021419	4021419-t092-5-tr	Fuel Leak - External
4021419	4021419-t092-tr	Fuel in the Lubricating Oil
4021419	4021419-t116-tr	Smoke, Black - Excessive
4021419	4021419-t118-tr	Smoke, White - Excessive
4021419	trng-frwd	foreword
4021442	4021442-t033-tr	Engine Acceleration or Response Poor
4021442	4021442-t043-tr	Engine Difficult to Start or Will Not Start (Exhaust Smoke)
4021442	4021442-t044-tr	Engine Difficult to Start or Will Not Start (No Exhaust Smoke)
4021442	4021442-t057-tr	Engine Power Output Low
4021442	4021442-t061-tr	Engine Runs Rough at Idle
4021442	4021442-t062-tr	Engine Runs Rough or Misfires
4021442	4021442-t064-tr	Engine Shuts Off Unexpectedly or Dies During Deceleration
4021442	4021442-t066-tr	Engine Speed Surges at Low or High Idle
4021442	4021442-t067-tr	Engine Speed Surges Under Load or in Operating Range
4021442	4021442-t072-tr	Engine Starts But Will Not Keep Running
4021442	4021442-t080-tr	Engine Will Not Reach Rated Speed (RPM)
4021442	4021442-t081-tr	Engine Will Not Shut Off
4021442	4021442-t083-tr	Fault Code Warning Lamps Stay On (No Apparent Reason)
4021442	4021442-t084-tr	Fault Code Warning Lamps Do Not Illuminate
4021442	4021442-t087-tr	Fuel Consumption Excessive
4021442	4021442-t087-tr	Fuel Consumption Excessive
4021442	4021442-t116-tr	Smoke, Black — Excessive
4021442	4021442-t118-tr	Smoke, White — Excessive
4021442	tr-frwd	foreword
4021499	4021499-t102-tr	Lubricating Oil Consumption Excessive
4021499	4021499-t102-tr	Lubricating Oil Consumption Excessive
4021499	4021499-t107-tr	Lubricating Oil Temperature Above Specification
4021499	4021499-t122-tr	Turbocharger Leaks Engine Oil or Fuel
4021528	4021528-t021-tr	Coolant Loss - Internal
4021528	4021528-t027-tr	Crankcase Gases (Blowby) Excessive
4021528	4021528-t057-tr	This troubleshooting symptom tree has been updated to include details of inspecting the filter screen in the fuel pump shutoff valve block.
4021528	4021528-t092	Fuel in the Lubricating Oil
4021528	4021528-t102-tr	Lubricating Oil Consumption Excessive
4021528	4021528-t102-tr	Lubricating Oil Consumption Excessive
4021528	4021528-t104-tr	Lubricating Oil Pressure High
4021528	4021528-t105-tr	Lubricating Oil Pressure Low
4021528	4021528-t107-tr	Lubricating Oil Temperature Above Specfication
4021528	4021528-t108-tr	Lubricating or Transmission Oil in the Coolant
4021530	3381307	All Diesel Engines Worldwide Generator Drive
4021530	3381310	K19 Engines Australia and New Zealand Automotive
4021530	3381321	All Engines United States and Canada Industrial (Off-Highway)
4021530	3381322	All Engines International Industrial (Off-Highway)
4021530	3381775	All Engines Worldwide Marine/Commercial Propulsion and Auxiliary Products
4021530	3666013-t024-om	Coolant Temperature is Below Normal
4021530	3666013-t026-155-om	Coolant Temperature Above Normal (Marine)
4021530	3666013-t026-om	Coolant Temperature Above Normal
4021530	3666013-t043-om	Engine Hard to Start or Will Not Start (Exhaust Smoke)
4021530	3666013-t044-om	Engine Difficult to Start or Will Not Start (No Exhaust Smoke)
4021530	3666013-t057-om	Engine Power Output Low
4021530	3666013-t061-011-om	Engine Runs Rough at Idle, Warm Engine
4021530	3666013-t072-om	Engine Starts But Will Not Keep Runnings
4021530	3666013-t077-om	Engine Will Not Crank or Cranks Slowly (Air Starter)
4021530	3666013-t078-om	Engine Will Not Crank
4021530	3666013-t080-om	Engine Will Not Reach Rated Speed (RPM)
4021530	3666013-t081-006-om	Exhaust Smoke Excessive Under Load
4021530	3666013-t081-om	Engine Will Not Shut Off
4021530	3666013-t105-om	Lubricating Oil Pressure Low
4021530	4021530-t004-tr	Air Compressor Air Pressure Rises Slowly
4021530	4021530-t006-tr	Air Compressor Noise is Excessive
4021530	4021530-t007-tr	Air Compressor Pumping Excess Lubricating Oil into the Air System
4021530	4021530-t008-tr	Air Compressor will Not Maintain Adequate Air Pressure (Not Pumping Continuously)
4021530	4021530-t009-tr	Air Compressor Will Not Pump Air
4021530	4021530-t010-tr	Air Compressor Will Not Stop Pumping
4021530	4021530-t013-tr	Alternator Not Charging or Insufficient Charging
4021530	4021530-t014-tr	Alternator Overcharging
4021530	4021530-t020-tr	Coolant Loss - External
4021530	4021530-t021-225-tr	Coolant Pressure Low
4021530	4021530-t021-tr	Coolant Loss - Internal
4021530	4021530-t021-tr	Coolant Loss - Internal
4021530	4021530-t022-tr	Coolant Temperature Above Normal - Gradual Overheat
4021530	4021530-t023-tr	Coolant Temperature Above Normal - Sudden Overheat
4021530	4021530-t024-tr	Coolant Temperature is Below Normal
4021530	4021530-t027-tr	Crankcase Gases (Blowby) Excessive
4021530	4021530-t027-tr	Crankcase Gases (Blowby) Excessive
4021530	4021530-t047-tr	Engine Noise Excessive
4021530	4021530-t048-tr	Engine Noise Excessive - Combustion Knocks
4021530	4021530-t048-tr	Engine Noise Excessive - Combustion Knocks
4021530	4021530-t049-tr	Engine Noise Excessive - Connecting Rod
4021530	4021530-t050-tr	Engine Noise Excessive - Main Bearing
4021530	4021530-t051-tr	Engine Noise Excessive - Piston
4021530	4021530-t052-tr	Engine Noise Excessive - Turbocharger
4021530	4021530-t077-tr	Engine Will Not Crank or Cranks Slowly (Air Starter)
4021530	4021530-t078-tr	Engine Will Not Crank or Cranks Slowly (Electric Starter)
4021530	4021530-t081-tr	Engine Will Not Shut Off
4021530	4021530-t087-tr	Fuel Consumption Excessive
4021530	4021530-t089-tr	Fuel Temperature Above Normal Operating Range
4021530	4021530-t091-tr	Fuel in Coolant
4021530	4021530-t092-5-tr	Fuel Leak - External
4021530	4021530-t092-tr	Fuel in the Lubricating Oil
4021530	4021530-t096-20-tr	Intake Manifold Air Temperature Is High (Rapid Rise)
4021530	4021530-t096-55-tr	Intake Manifold Pressure is High
4021530	4021530-t096-tr	Intake Manifold Air Temperature Above Specification
4021530	4021530-t102-tr	Lubricating Oil Consumption Excessive
4021530	4021530-t102-tr	Lubricating Oil Consumption Excessive
4021530	4021530-t102-tr	Lubricating Oil Consumption Excessive
4021530	4021530-t104-tr	Lubricating Oil Pressure High
4021530	4021530-t105-tr	Lubricating Oil Pressure Low
4021530	4021530-t106-tr	Lubricating Oil Sludge in the Crankcase Excessive
4021530	4021530-t107-tr	Lubricating Oil Temperature Above Specfication
4021530	4021530-t107-tr	Lubricating Oil Temperature Above Specification
4021530	4021530-t107-tr	Lubricating Oil Temperature Above Specifications
4021530	4021530-t108-tr	Lubricating or Transmission Oil in the Coolant
4021530	4021530-t108-tr	Lubricating or Transmission Oil in the Coolant
4021530	4021530-t122-tr	Turbocharger Leaks Engine Oil or Fuel
4021530	shopds-frwd	Foreword
4021538	4021538-t013-om	Alternator Not Charging or Insufficient Charging
4021538	4021538-t014-om	Alternator Overcharging
4021538	4021538-t020-om	Coolant Loss - External
4021538	4021538-t022-156-om	Coolant Temperature Above Normal - Sea Water Cooling System
4021538	4021538-t022-om	Coolant Temperature Above Normal - Gradual Overheat
4021538	4021538-t023-om	Coolant Temperature Above Normal - Sudden Overheat
4021538	4021538-t024-om	Coolant Temperature Below Normal
4021538	4021538-t033-om	Engine Acceleration or Response Poor
4021538	4021538-t043-om	Engine Difficult to Start or Will Not Start (Exhaust Smoke)
4021538	4021538-t044-om	Engine Difficult to Start or Will Not Start (No Exhaust Smoke)
4021538	4021538-t047-om	Engine Noise Excessive
4021538	4021538-t048-om	Engine Noise Excessive - Combustion Knocks
4021538	4021538-t052-om	Engine Noise Excessive - Turbocharger
4021538	4021538-t057-om	Engine Power Output Low
4021538	4021538-t061-om	Engine Runs Rough at Idle
4021538	4021538-t062-om	Engine Runs Rough or Misfires
4021538	4021538-t064-om	Engine Shuts Off Unexpectedly or Dies During Deceleration
4021538	4021538-t066-om	Engine Speed Surges at Low or High Idle
4021538	4021538-t067-om	Engine Speed Surges Under Load or in Operating Range
4021538	4021538-t072-om	Engine Starts But Will Not Keep Running
4021538	4021538-t075-om	Engine Vibration Excessive
4021538	4021538-t078-om	Engine Will Not Crank or Cranks Slowly (Electric Starter)
4021538	4021538-t080-om	Engine Will Not Reach Rated Speed (RPM)
4021538	4021538-t087-om	Fuel Consumption Excessive
4021538	4021538-t092-om	Fuel in the Lubricating Oil
4021538	4021538-t096-om	Intake Manifold Air Temperature Above Specification
4021538	4021538-t097-om	Intake Manifold Pressure (Boost) is Below Normal
4021538	4021538-t102-om	Lubricating Oil Consumption Excessive
4021538	4021538-t103-om	Lubricating Oil Contaminated
4021538	4021538-t104-om	Lubricating Oil Pressure High
4021538	4021538-t105-om	Lubricating Oil Pressure Low
4021538	4021538-t106-om	Lubricating Oil Sludge in the Crankcase Excessive
4021538	4021538-t116-om	Smoke, Black - Excessive
4021538	4021538-t118-om	Smoke, White - Excessive
4021538	4021538-t122-om	Turbocharger Leaks Engine Oil or Fuel
4021538	4021538-t185-om	Turbocharger - Compressor Seal Oil Leak
4021538	4021538-t186-om	Turbocharger - Turbine Seal Oil Leak
4021538	4081863	CMD Diamond Recreational, Marine Propulsion
4021539	4021539-t006-tr	Air Compressor Noise is Excessive
4021539	4021539-t047-tr	Engine Noise Excessive
4021555	mrm-frwd	Service Forward
4021587	marpanel-frwd	Forword
4021589	3381775	All Engines Worldwide Marine/Commercial Propulsion and Auxiliary Products
4021589	3381863	All Engines Worldwide Marine Recreational Propulsion Products
4021589	marpanel-frwd	Forword
4021592	4021592-t004-tr	Air Compressor Air Pressure Rises Slowly
4021592	4021592-t006-tr	Air Compressor Noise is Excessive
4021592	4021592-t007-tr	Air Compressor Pumping Excess Lubricating Oil into the Air System
4021592	4021592-t008-tr	Air Compressor Will Not Maintain Adequate Air Pressure (Not Pumping Continuously)
4021592	4021592-t009-tr	Air Compressor Will Not Pump Air
4021592	4021592-t010-tr	Air Compressor Will Not Stop Pumping
4021592	4021592-t013-tr	Alternator Not Charging or Insufficient Charging
4021592	4021592-t014-tr	Alternator Overcharging
4021592	4021592-t020-tr	Coolant Loss - External
4021592	4021592-t021-tr	Coolant Loss - Internal
4021592	4021592-t022-tr	Coolant Temperature Above Normal - Gradual Overheat
4021592	4021592-t023-tr	Coolant Temperature is Above Normal - Sudden Overheat
4021592	4021592-t024-tr	Coolant Temperature is Below Normal
4021592	4021592-t026-156-tr	Coolant Temperature Above Normal - Sea Water Cooling
4021592	4021592-t027-tr	Crankcase Gases (Blowby) Excessive
4021592	4021592-t047-tr	Engine Noise Excessive
4021592	4021592-t048-tr	Engine Noise Excessive - Combustion Knocks
4021592	4021592-t049-tr	Engine Noise Excessive - Connecting Rod
4021592	4021592-t050-tr	Engine Noise Excessive - Main Bearing
4021592	4021592-t051-tr	Engine Noise Excessive - Piston
4021592	4021592-t052-tr	Engine Noise Excessive - Turbocharger
4021592	4021592-t077-tr	Engine Will Not Crank or Cranks Slowly (Air Starter)
4021592	4021592-t078-tr	Engine Will Not Crank or Cranks Slowly (Electric Starter)
4021592	4021592-t081-tr	Engine Will Not Shut Off
4021592	4021592-t083-tr	Fault Code Warning Lamps Stay On (No Apparent Reason)
4021592	4021592-t084-tr	Fault Code Warning Lamps Do Not Illuminate
4021592	4021592-t087-tr	Fuel Consumption Excessive
4021592	4021592-t089-tr	Fuel Temperature Above Normal Operating Range
4021592	4021592-t091-tr	Fuel in Coolant
4021592	4021592-t092-tr	Fuel in the Lubricating Oil
4021592	4021592-t096-tr	Intake Manifold Air Temperature Above Specification
4021592	4021592-t099-tr	Low Idle Adjust Switch Does Not Work
4021592	4021592-t102-tr	Lubricating Oil Consumption Excessive
4021592	4021592-t102-tr	Lubricating Oil Consumption Excessive
4021592	4021592-t102-tr	Lubricating Oil Consumption Excessive
4021592	4021592-t104-tr	Lubricating Oil Pressure High
4021592	4021592-t105-tr	Lubricating Oil Pressure Low
4021592	4021592-t106-tr	Lubricating Oil Sludge in the Crankcase Excessive
4021592	4021592-t107-tr	Lubricating Oil Temperature Above Specfication
4021592	4021592-t107-tr	Lubricating Oil Temperature Above Specification
4021592	4021592-t108-tr	Lubricating or Transmission Oil in the Coolant
4021592	4021592-t108-tr	Lubricating or Transmission Oil in the Coolant
4021592	4021592-t122-tr	Turbocharger Leaks Engine Oil or Fuel
4021592	shop-frwd	Forward
4021617	marpanel-frwd	Foreword
4021618	3381775	All Engines Worldwide Marine/Commercial Propulsion and Auxiliary Products
4021618	3381863	All Engines Worldwide Marine Recreational Propulsion Products
4021618	marpanel-frwd	Forward
4021631	3381307	All Engines Worldwide Generator Drive
4021631	3381321	All Engines Off-Highway Engines United States and Canada
4021631	3381322	All Engines Off-Highway Engines International
4021631	3381772	Recreational Applications Marine Propulsion Products
4021631	3381775	All Engines Commercial Applications Marine Propulsion and Marine Auxiliary Products Worldwide
4021674	4021674-t016-tr	Communication Error — Electronic Service Tool or Control Device
4021674	4021674-t083-tr	Fault Code Warning Lamps Stay On (No Apparent Reason)
4021674	4021674-t084-tr	Fault Code Warning Lamps Do Not Illuminate
4021674	4021674-t087-tr	Fuel Consumption Excessive
4021674	4021674-t091-tr	Fuel in Coolant
4021674	4021674-t092-tr	Fuel in the Lubricating Oil
4021674	tr-frwd	Foreword
4021939	3381775	All Engines Worldwide Commercial Marine Propulsion Auxiliary Products
4021939	4081863	CMD Diamond Recreational Marine Propulsion
4021939	4081872	CMD Quantum Recreational Marine Propulsion (QSB5.9/QSC8.3/QSL9/QSM11)
4021939	4081872	CMD Quantum Recreational Marine Propulsion (QSB5.9/QSC8.3/QSL9/QSM11)
4021939	4081921	CMD Quantum Commercial Marine Propulsion (QSB5.9/QSC8.3/QSL9/QSM11)
4021939	4324826	Cummins Recreational Marine Propulsion (QSB5.9/QSB6.7/QSC8.3/QSL9/QSM11)
4021939	4324827	Cummins Light Commercial Marine Propulsion (4B/QSB5.9/6B/QSB6.7/6C/QSC8.3/QSL9/QSM11)
4021940	3381775	All Engines Worldwide Commercial Marine Propulsion Auxiliary Products
4021940	4021940-t013-om	Alternator Not Charging or Insufficient Charging
4021940	4021940-t019-om	Coolant Loss
4021940	4021940-t022-om	Coolant Temperature Above Normal - Gradual Overheat
4021940	4021940-t023-om	Coolant Temperature is Above Normal - Sudden Overheat
4021940	4021940-t024-om	Coolant Temperature is Below Normal
4021940	4021940-t027-om	Crankcase Gases (Blowby) Excessive
4021940	4021940-t033-om	Engine Acceleration or Response Poor
4021940	4021940-t041-om	Engine Decelerates Slowly
4021940	4021940-t043-om	Engine Difficult to Start or Will Not Start (Exhaust Smoke)
4021940	4021940-t044-om	Engine Difficult to Start or Will Not Start (No Exhaust Smoke)
4021940	4021940-t047-om	Engine Noise Excessive
4021940	4021940-t048-om	Engine Noise Excessive - Combustion Knocks
4021940	4021940-t052-om	Engine Noise Excessive - Turbocharger
4021940	4021940-t057-om	Engine Power Output Low
4021940	4021940-t061-om	Engine Runs Rough at Idle
4021940	4021940-t062-om	Engine Runs Rough or Misfires
4021940	4021940-t064-om	Engine Shuts Off Unexpectedly or Dies During Deceleration
4021940	4021940-t075-om	Engine Vibration Excessive
4021940	4021940-t080-om	Engine Will Not Reach Rated Speed (RPM)
4021940	4021940-t081-om	Engine Will Not Shut Off
4021940	4021940-t087-om	Fuel Consumption Excessive
4021940	4021940-t091-om	Fuel in Coolant
4021940	4021940-t092-om	Fuel in the Lubricating Oil
4021940	4021940-t102-om	Lubricating Oil Consumption Excessive
4021940	4021940-t103-om	Lubricating Oil Contaminated
4021940	4021940-t104-om	Lubricating Oil Pressure High
4021940	4021940-t107-om	Lubricating Oil Temperature Above Specification
4021940	4021940-t116-om	Smoke, Black - Excessive
4021940	4021940-t118-om	Smoke, White - Excessive
4021940	4021940-t122-om	Turbocharger Leaks Engine Oil or Fuel
4021940	4021940-t185-om	Turbocharger - Compressor Seal Oil Leak
4021940	4021940-t186-om	Turbocharger - Turbine Seal Oil Leak
4021940	4081863	CMD Diamond Recreational Marine Propulsion
4021940	4081872	CMD Quantum Recreational Marine Propulsion (QSB5.9/QSC8.3/QSL9/QSM11)
4021940	4081872	CMD Quantum Recreational Marine Propulsion (QSB5.9/QSC8.3/QSL9/QSM11)
4021940	4081921	CMD Quantum Commercial Marine Propulsion (QSB5.9/QSC8.3/QSL9/QSM11)
4021940	4324826	Cummins Recreational Marine Propulsion (QSB5.9/QSB6.7/QSC8.3/QSL9/QSM11)
4021940	4324827	Cummins Light Commercial Marine Propulsion (4B/QSB5.9/6B/QSB6.7/6C/QSC8.3/QSL9/QSM11)
4021941	3381321	All Engines United States and Canada Industrial (Off-Highway)
4021941	3381322	All Engines International Industrial (Off-Highway)
4021942	3381321	All Engines United States and Canada Industrial (Off-Highway)
4021942	3381322	All Engines International Industrial (Off-Highway)
4021942	4021942-t004-om	Air Compressor Air Pressure Rises Slowly
4021942	4021942-t005-om	Air Compressor Cycles Frequently
4021942	4021942-t006-om	Air Compressor Noise is Excessive
4021942	4021942-t007-om	Air Compressor Pumping Excess Lubricating Oil into the Air System
4021942	4021942-t008-om	Air Compressor Will Not Maintain Adequate Air Pressure (Not Pumping Continuously)
4021942	4021942-t010-om	Air Compressor Will Not Stop Pumping
4021942	4021942-t013-om	Alternator Not Charging or Insufficient Charging
4021942	4021942-t019-om	Coolant Loss
4021942	4021942-t022-om	Coolant Temperature Above Normal - Gradual Overheat
4021942	4021942-t023-om	Coolant Temperature Above Normal - Sudden Overheat
4021942	4021942-t024-om	Coolant Temperature Below Normal
4021942	4021942-t027-om	Crankcase Gases (Blowby) Excessive
4021942	4021942-t033-om	Engine Acceleration or Response Poor
4021942	4021942-t041-om	Engine Decelerates Slowly
4021942	4021942-t043-om	Engine Difficult to Start or Will Not Start (Exhaust Smoke)
4021942	4021942-t044-om	Engine Difficult to Start or Will Not Start (No Exhaust Smoke)
4021942	4021942-t047-om	Engine Noise Excessive
4021942	4021942-t048-om	Engine Noise Excessive - Combustion Knocks
4021942	4021942-t057-om	Engine Power Output Low
4021942	4021942-t061-om	Engine Runs Rough at Idle
4021942	4021942-t062-om	Engine Runs Rough or Misfires
4021942	4021942-t064-om	Engine Shuts Off Unexpectedly or Dies During Deceleration
4021942	4021942-t066-om	Engine Speed Surges at Low or High Idle
4021942	4021942-t067-om	Engine Speed Surges Under Load or in Operating Range
4021942	4021942-t072-om	Engine Starts But Will Not Keep Running
4021942	4021942-t075-om	Engine Vibration Excessive
4021942	4021942-t077-om	Engine Will Not Crank or Cranks Slowly (Air Starter)
4021942	4021942-t078-om	Engine Will Not Crank or Cranks Slowly (Electric Starter)
4021942	4021942-t080-om	Engine Will Not Reach Rated Speed (RPM)
4021942	4021942-t081-om	Engine Will Not Shut Off
4021942	4021942-t087-om	Fuel Consumption Excessive
4021942	4021942-t091-om	Fuel in Coolant
4021942	4021942-t092-om	Fuel in the Lubricating Oil
4021942	4021942-t096-om	Intake Manifold Air Temperature Above Specification
4021942	4021942-t097-om	Intake Manifold Pressure (Boost) is Below Normal
4021942	4021942-t102-om	Lubricating Oil Consumption Excessive
4021942	4021942-t103-om	Lubricating Oil Contaminated
4021942	4021942-t104-om	Lubricating Oil Pressure High
4021942	4021942-t105-om	Lubricating Oil Pressure Low
4021942	4021942-t106-om	Lubricating Oil Sludge in the Crankcase Excessive
4021942	4021942-t107-om	Lubricating Oil Temperature Above Specification
4021942	4021942-t108-om	Lubricating or Transmission Oil in the Coolant
4021942	4021942-t112-om	PTO or Cruise Control Does Not Operate
4021942	4021942-t116-om	Smoke, Black - Excessive
4021942	4021942-t118-om	Smoke, White - Excessive
4021942	4021942-t122-om	Turbocharger Leaks Engine Oil or Fuel
4358378	4358378-t214-tr	Thruster(s) Will Not Respond To Inboard Joystick Operation
4358378	4358378-t219-tr	Vessel Responds Slowly or Incorrectly During Thruster Operation
4358379	4358379-t214-om	Thruster(s) Will Not Respond To Inboard Joystick Operation
4358379	4358379-t236-om	Lever Control Station/Inboard Joystick Will Not Take Control After Pressing The Station Transfer Button
4915514	3381848	US Marine (division of Brunswick Corp.) Worldwide Propulsion Products
4915514	3381863	Recreational Applications Marine Propulsion Products
4915520	3381307	Worldwide Generator Drive
4915520	3381321	Off-Highway Engines United States and Canada
4915520	3381322	Off-Highway Engines International
4915528	3381307	All Engines Worldwide Generator Drive
4915528	3381321	All Engines United States and Canada Industrial (Off-Highway)
4915528	3381322	All Engines International Industrial (Off-Highway)
4915528	3381775	Commercial Applications Marine Propulsion and Marine Auxiliary Products Worldwide
4915540	3381307	All Engines Worldwide Generator Drive
4915540	3381321	All Engines United States and Canada Industrial (Off-Highway)
4915540	3381322	All Engines International Industrial (Off-Highway)
4915540	3381775	All Engines Worldwide Marine/Commercial Propulsion and Auxiliary Products
4915544	3381292	A, B, and C Series Worldwide New Engine Parts
4915544	3381367	Cummins Recreational Vehicle and Fire Truck Major Components Coverage
4915548	3381292	A, B, and C Series Worldwide New Engine Parts
4915548	3381321	Off-Highway Engines United States and Canada
4915548	3381322	Off-Highway Engines International
4915548	3381848	US Marine (Division of Brunswick Corp) Worldwide Propulsion Products
4915548	4081862	Commercial Marine Warranty
4915552	3381307	Worldwide Generator Drive
4915552	3381321	Off-Highway Engines United States and Canada
4915552	3381322	Off-Highway Engines International
4960250	3381264	BB Gas Plus/BLPG Plus/ISB Engines, United States and Canada, Automotive
4960250	3381278	All Engines Worldwide, All Bus (Except U.S./Canada Diesel Powered School Buses)
4960250	3381327	B5.9 & C8.3 Engines, United States and Canada, Recreational Vehicle
4960250	3381329	All Engines, United States and Canada, School Bus
4960250	auto-bck	Owners Responsibility
4960250	auto-frt	California Emission Control System Warranty, On-Highway
4960270	4081863	CMD Diamond Recreational, Marine Propulsion
4960314	3381080	L10/ M11/ISM/N14/ISX/SIG, Engines, International, Automotive
4960314	3381139	L10/ M11/ISM/N14/ISX/Sig, Engines, United States and Canada, Automotive
4960314	3381161	United States and Canada, Fire Apparatus/Crash Trucks
4960314	3381258	All Engines, Europe, Automotive
4960314	3381334	L10/M11/N14/ISM/ISX/Sig Engines, Latin America, Automotive
4960314	3381340	All Electronic Diesel Engines, United States and Canada, Recreational Vehicle
4960314	3381396	California Emission, Control System Warranty, Automotive
4960314	3605761	L10/M11/ISM/N14/ISX/SIG Engines, South Africa, Automotive
4960314	auto-bck	California Emission Control, System Warranty, On-Highway
4960314	auto-frt	California Emission Control, System Warranty, On-Highway
4960314	auto-signature600-isx-wrty	Coverage
4960314	isx-w_egr	California Emission Control System Warranty
5659761	6458299	Latin America M15N Series Automotive
5659762	6458299	Latin America M15N Series Automotive
