machine	vin	esn	model	owner	year
Горно-дорожный участок		77804810	X12CS4350	АО "Полюс Алдан"	2025
Горно-дорожный участок		77804809	X12CS4350	АО "Полюс Алдан"	
Горно-дорожный участок		77804793	X12CS4350	АО "Полюс Алдан"	2025
Парк БелАз 55 т		37266629	KTTA19-C700	АО "Полюс Алдан"	2016
Парк БелАз 55 т		37268041	KTTA19-C700	АО "Полюс Алдан"	2016
Парк БелАз 55 т		1972301016	KTTA19-C700	АО "Полюс Алдан"	2023
Парк БелАз 55 т		31284381	KTTA19-C700	АО "Полюс Алдан"	2023
Парк БелАз 55 т		317643375	KTTA19-C700	АО "Полюс Алдан"	2023
Парк БелАз 55 т		41569434	KTTA19-C700	АО "Полюс Алдан"	2023
Парк БелАз 55 т		41569432	KTTA19-C700	АО "Полюс Алдан"	1900
Парк БелАз 55 т		37251542	KTTA19-C700	АО "Полюс Алдан"	2018
Парк БелАз 55 т		37269910	KTTA19-C700	АО "Полюс Алдан"	2001
Парк БелАз 55 т		88819043	KTTA19-C700	АО "Полюс Алдан"	2024
Парк бульдозеров Shantui SD34		41365012	NTA855-C360S10	АО "Полюс Алдан"	2025
Парк спецтехники		33164918	KTA50-C	АО "Полюс Алдан"	2007
Парк экскаваторов LiuGong 9125F		85017333	QSK23-C	АО "Полюс Алдан"	2024
Парк Komatsu HD1500		41340468	QSK50	АО "Полюс Вернинское"	2023
Парк Komatsu HD1500		33221618	QSK50	АО "Полюс Вернинское"	2021
Парк ZEGA D480A		93948840	QSZ13-C550-30	АО "Полюс Вернинское"	2022
Парк ZEGA D480A		82325481	QSZ13-C550-30	АО "Полюс Вернинское"	2022
Парк ZEGA D480A		2874198	QSZ13-C550-30	АО "Полюс Вернинское"	
Парк буровых IR DML		80093256	QSX15	АО "Полюс Красноярск"	2018
Парк буровых IR DML		80141463	QSX15	АО "Полюс Красноярск"	2013
Парк буровых IR DML		80196011	QSX15	АО "Полюс Красноярск"	2013
Парк буровых IR DML		80248213	QSX15	АО "Полюс Красноярск"	2020
Парк буровых IR DML		80106827	QSX15	АО "Полюс Красноярск"	2020
Парк буровых Sandvik DE		73268106	QSB-6.7	АО "Полюс Красноярск"	2016
СЭБТ - Белазы		35321036	QSM11-C	АО "Полюс Красноярск"	2016
СЭБТ - Белазы		35321039	QSM11-C	АО "Полюс Красноярск"	2016
СЭБТ - Белазы		35321035	QSM11-C	АО "Полюс Красноярск"	2014
СЭБТ - Белазы		35321043	QSM11-C	АО "Полюс Красноярск"	2016
СЭБТ - Белазы		35370013	QSM11-C	АО "Полюс Красноярск"	2020
СЭБТ - Белазы		35373113	QSM11-C	АО "Полюс Красноярск"	2020
СЭБТ - Белазы		35373109	QSM11-C	АО "Полюс Красноярск"	2021
СЭБТ - Белазы		35373105	QSM11-C	АО "Полюс Красноярск"	2021
СЭБТ - Белазы		35373111	QSM11-C	АО "Полюс Красноярск"	2020
СЭБТ - Коматсу - 141 тн		33217951	QSK50	АО "Полюс Красноярск"	2019
СЭБТ - Коматсу - 141 тн		33217950	QSK50	АО "Полюс Красноярск"	2019
СЭБТ - Коматсу - 220 тн		33193637	QSK60-C	АО "Полюс Красноярск"	2016
СЭБТ - Коматсу - 220 тн		33194808	QSK60-C	АО "Полюс Красноярск"	2016
СЭБТ - Коматсу - 220 тн		33194973	QSK60-C	АО "Полюс Красноярск"	2019
СЭБТ - Коматсу - 220 тн		33195107	QSK60-C	АО "Полюс Красноярск"	2013
СЭБТ - Коматсу - 220 тн		33195038	QSK60-C	АО "Полюс Красноярск"	2013
СЭБТ - Коматсу - 220 тн		33193750	QSK60-C	АО "Полюс Красноярск"	2012
СЭБТ - Коматсу - 220 тн		33219033	QSK60-C	АО "Полюс Красноярск"	2012
СЭБТ - Парк спецтехники		37280605	KTA19-C	АО "Полюс Красноярск"	
СЭБТ - Парк спецтехники		33182682	KTA50-C	АО "Полюс Красноярск"	2011
СЭБТ - Парк спецтехники		33208954	QSK60-C	АО "Полюс Красноярск"	2017
СЭТТ - Парк спецтехники		35354607	QSM11-C	АО "Полюс Красноярск"	2019
СЭТТ - Парк спецтехники		21867719	8.3	АО "Полюс Красноярск"	2010
СЭТТ - Парк спецтехники		21853604	QSB6.7-C165	АО "Полюс Красноярск"	2012
СЭТТ - Парк экскаваторов		82099327	QSB6.7-C190-31	АО "Полюс Красноярск"	2020
АТЦ_Парк БелАЗ 75473 (ПЩК)		37271633	KTA19-C	АО "Полюс Магадан"	2001
АТЦ_Парк БелАЗ 75473 (ПЩК)		37271649	KTA19-C	АО "Полюс Магадан"	2001
АТЦ_Парк автосамосвалов Komatsu 730E		33210614	QSK50	АО "Полюс Магадан"	2018
АТЦ_Парк автосамосвалов Komatsu 730E		33200209	QSK50	АО "Полюс Магадан"	2001
АТЦ_Парк автосамосвалов Komatsu 730E		33211219	QSK50	АО "Полюс Магадан"	2001
АТЦ_Парк автосамосвалов Komatsu 730E		33210768	QSK50	АО "Полюс Магадан"	2001
АТЦ_Парк автосамосвалов Komatsu 730E		33211641	QSK50	АО "Полюс Магадан"	2001
АТЦ_Парк автосамосвалов Komatsu 730E		33211169	QSK50	АО "Полюс Магадан"	2001
АТЦ_Парк автосамосвалов Komatsu 730E		33212689	QSK50	АО "Полюс Магадан"	2001
АТЦ_Парк автосамосвалов Komatsu 730E		33211363	QSK50	АО "Полюс Магадан"	2001
АТЦ_Парк автосамосвалов Komatsu 730E		33203638	QSK50	АО "Полюс Магадан"	2001
АТЦ_Парк автосамосвалов Komatsu 730E		33211382	QSK50	АО "Полюс Магадан"	2001
АТЦ_Парк автосамосвалов Komatsu 730E		33211556	QSK50	АО "Полюс Магадан"	2001
АТЦ_Парк автосамосвалов Komatsu 730E		33211271	QSK50	АО "Полюс Магадан"	2001
АТЦ_Парк автосамосвалов Komatsu 730E		33211802	QSK50	АО "Полюс Магадан"	2001
АТЦ_Парк автосамосвалов Komatsu 730E		33210806	QSK50	АО "Полюс Магадан"	2001
АТЦ_Парк автосамосвалов Komatsu 730E		33221821	QSK50	АО "Полюс Магадан"	2017
АТЦ_Парк автосамосвалов Komatsu 730E		33200155	QSK50	АО "Полюс Магадан"	2017
АТЦ_Парк автосамосвалов Komatsu 730E		33210861	QSK50	АО "Полюс Магадан"	2017
АТЦ_Парк автосамосвалов Komatsu 730E		33210940	QSK50	АО "Полюс Магадан"	2001
АТЦ_Парк автосамосвалов Komatsu 730E		33226199	QSK50	АО "Полюс Магадан"	1900
АТЦ_Парк автосамосвалов Komatsu 730E		33203575	QSK50	АО "Полюс Магадан"	
АТЦ_Парк автосамосвалов Komatsu 730E		33223470	QSK50	АО "Полюс Магадан"	
АТЦ_Парк автосамосвалов Komatsu HD1500		33224404	QSK50	АО "Полюс Магадан"	2021
АТЦ_Парк автосамосвалов NHL NTE200		33232872	QSK50	АО "Полюс Магадан"	
АТЦ_Парк автосамосвалов NHL NTE200		33232758	QSK50	АО "Полюс Магадан"	
АТЦ_Парк автосамосвалов NHL NTE200		33232946	QSK50	АО "Полюс Магадан"	2023
АТЦ_Парк автосамосвалов NHL NTE200		33232852	QSK50	АО "Полюс Магадан"	2023
АТЦ_Парк автосамосвалов NHL NTE200		33232851	QSK50	АО "Полюс Магадан"	2023
АТЦ_Парк автосамосвалов NHL NTE200		33231742	QSK50	АО "Полюс Магадан"	2023
АТЦ_Парк автосамосвалов NHL NTE200		33232925	QSK50	АО "Полюс Магадан"	2023
АТЦ_Парк автосамосвалов NHL NTE200		33232947	QSK50	АО "Полюс Магадан"	2023
АТЦ_Парк автосамосвалов NHL NTE200		33230198	QSK50	АО "Полюс Магадан"	2023
АТЦ_Парк автосамосвалов NHL NTE200		33229401	QSK50	АО "Полюс Магадан"	2023
АТЦ_Парк автосамосвалов NHL NTE200		33230197	QSK50	АО "Полюс Магадан"	2023
АТЦ_Парк автосамосвалов NHL NTE200		33229431	QSK50	АО "Полюс Магадан"	2023
АТЦ_Парк автосамосвалов NHL NTE200		33230182	QSK50	АО "Полюс Магадан"	2023
АТЦ_Парк автосамосвалов NHL NTE200		33230472	QSK50	АО "Полюс Магадан"	2023
АТЦ_Парк автосамосвалов NHL NTE200		33229400	QSK50	АО "Полюс Магадан"	2023
АТЦ_Парк автосамосвалов NHL NTE200		33230183	QSK50	АО "Полюс Магадан"	2023
АТЦ_Руководство		33210083	QSK60-C	АО "Полюс Магадан"	2001
УОГР_ПаркЭкскаватор_Komatsu PC-4000		33224343	QSK60	АО "Полюс Магадан"	2001
АТЦ_Парк погрузчиков LiuGong		71147960	40C3003	ООО "Полюс Сухой Лог"	2025
АТЦ_Парк погрузчиков LiuGong		71156161	40C3003	ООО "Полюс Сухой Лог"	2025
АТЦ_парк дорожной техники		93047320	6BTA5.9-C155	ООО "Полюс Сухой Лог"	2023
Парк Yangzi DR75		5593626	QSK19	ООО "Полюс Сухой Лог"	2022
